typepsc;stypepsc;nnn;lib_stype;surf;symb_surf;d_symb_surf;lin;symb_lin;d_symb_lin;pt;symb_pct;d_symb_pct;etiquette;classement
01;00;001;Espace boisé classé;S;PSC-S_01-00_001;Motif de points\n• distance horizontale : 20 pt\n• distance verticale : 20 pt\n\n    Symbole simple\n    • couleur de trait : RVB 86,170,2 (#56AA02)\n    • largeur de trait : 0.5 pt\n    • nom du symbole : circle\n    • style de trait : ligne continue\n    • taille : 14 pt\n\n    Symbole simple\n    • couleur de trait : RVB 86,170,2 (#56AA02)\n    • largeur de trait : 0.5 pt\n    • nom du symbole : square\n    • style de trait : ligne continue\n    • taille : 20 pt\n\nLigne simple\n• couleur : RVB 86,170,2 (#56AA02)\n• largeur de trait : 1.5 pt\n• style de trait : ligne continue;L;PSC-L_01-00_001;Ligne de symboles\n• intervalle : 6 pt\n\n    Symbole simple\n    • couleur de remplissage : RVB 38,140,0 (#268c00)\n    • nom du symbole : circle\n    • style de jointure : angle droit\n    • taille : 5 pt;P;PSC-P_01-00_001;Symbole simple\n• couleur de remplissage : RVB 38,140,0 (#268c00)\n• nom du symbole : circle\n• taille : 7;01-00 à 02_001;symbole
01;01;001;Espace boisé classé à protéger ou conserver;S;PSC-S_01-01_001;;L;PSC-L_01-01_001;;P;PSC-P_01-01_001;;01-01_001;sous-code
01;02;001;Espace boisé classé à créer;S;PSC-S_01-02_001;;L;PSC-L_01-02_001;;P;PSC-P_01-02_001;;01-02_001;sous-code
01;03;001;Espace boisé classé significatif au titre de la loi littoral;S;PSC-S_01-03_001;Motif de points\n• distance horizontale : 20 pt\n• distance verticale : 20 pt\n\n    Symbole simple\n    • couleur de trait : RVB 0,168,132 (#00A884)\n    • largeur de trait : 0.5 pt\n    • nom du symbole : circle\n    • style de trait : ligne continue\n    • taille : 14 pt\n\n    Symbole simple\n    • couleur de trait : RVB 0,168,132 (#00A884)\n    • largeur de trait : 0.5 pt\n    • nom du symbole : square\n    • style de trait : ligne continue\n    • taille : 20 pt\n\nLigne simple\n• couleur : RVB 0,168,132 (#00A884)\n• largeur de trait : 1.5 pt\n• style de trait : ligne continue;L;PSC-L_01-03_001;Ligne de symboles\n• intervalle : 6 pt\n\n    Symbole simple\n    • couleur de remplissage : RVB 0,168,132 (#00A884)\n    • nom du symbole : circle\n    • style de jointure : angle droit\n    • taille : 5 pt;P;PSC-P_01-03_001;Symbole simple\n• couleur de remplissage : RVB 0,168,132 (#00A884)\n• nom du symbole : circle\n• taille : 7;01-03_001;symbole
02;00;001;Limitations de la constructibilité pour des raisons environnementales, de risques, d’intérêt général;S;PSC-S_02-00_001;Motif de lignes\n• décalage : 4 pt\n• espacement : 13 pt\n• rotation : 45°\n\n    Ligne de symboles\n    • intervalle : 4 pt\n\n        Symbole simple\n        • couleur de remplissage : RVB 110,110,110 (#6e6e6e)\n        • nom du symbole : circle\n        • style de jointure : angle droit\n        • taille : 1 pt\n\nMotif de lignes\n• décalage : 9 pt\n• espacement : 13 pt\n• rotation : 45°\n\n    Ligne simple\n    • couleur : RVB 110,110,110 (#6e6e6e)\n    • largeur de trait : 0.8 pt\n    • style de cap : plat\n    • style de jointure : angle droit\n    • style de trait : ligne continue\n\nMotif de lignes\n• espacement : 13 pt\n• rotation : 45°\n\n    Ligne simple\n    • couleur : RVB 110,110,110 (#6e6e6e)\n    • largeur de trait : 0.8 pt\n    • style de cap : plat\n    • style de jointure : angle droit\n    • style de trait : ligne continue\n\nLigne simple\n• couleur : RVB 110,110,110 (#6e6e6e)\n• largeur de trait : 0.8 pt\n• style de trait : ligne continue;L;PSC-L_02-00_001;Ligne de symboles\n    • intervalle : 4 pt\n\n        Symbole simple\n        • couleur de remplissage : RVB 110,110,110 (#6e6e6e)\n        • nom du symbole : circle\n        • style de jointure : angle droit\n        • taille : 2 pt\n\n    Ligne simple\n    • décalage vertical : 1 pt\n    • couleur : RVB 110,110,110 (#6e6e6e)\n    • largeur de trait : 0.6 pt\n    • style de trait : ligne continue\n\n    Ligne simple\n    • décalage vertical : -1 pt\n    • couleur : RVB 110,110,110 (#6e6e6e)\n    • largeur de trait : 0.6 pt\n    • style de trait : ligne continue;P;PSC-P_02-00_001;Symbole simple\n• nom du symbole : triangle\n• taille : 8 pt\n• couleur de remplissage : RVB 110,110,110 (#6E6E6E)\n• taille de contour : 1,5 pt\n• couleur de contour : RVB 110,110,110 (#6E6E6E);02-00_001;symbole
02;00;110;Limitations de la constructibilité pour des raisons environnementales, de risques, d’intérêt général : INONDATION;S;PSC-S_02-00_110;Motif de lignes\n• décalage : 4 pt\n• espacement : 13 pt\n• rotation : 45°\n\n    Ligne de symboles\n    • intervalle : 4 pt\n\n        Symbole simple\n        • couleur de remplissage : RVB 0,77,168 (#004DA8)\n        • nom du symbole : circle\n        • style de jointure : angle droit\n        • taille : 1 pt\n\nMotif de lignes\n• décalage : 9 pt\n• espacement : 13 pt\n• rotation : 45°\n\n    Ligne simple\n    • couleur : RVB 110,110,110 (#6e6e6e)\n    • largeur de trait : 0.8 pt\n    • style de cap : plat\n    • style de jointure : angle droit\n    • style de trait : ligne continue\n\nMotif de lignes\n• espacement : 13 pt\n• rotation : 45°\n\n    Ligne simple\n    • couleur : RVB 110,110,110 (#6e6e6e)\n    • largeur de trait : 0.8 pt\n    • style de cap : plat\n    • style de jointure : angle droit\n    • style de trait : ligne continue\n\nLigne simple\n• couleur : RVB 0,77,168 (#004DA8)\n• largeur de trait : 0.8 pt\n• style de trait : ligne continue;L;PSC-L_02-00_110;Ligne de symboles\n    • intervalle : 4 pt\n\n        Symbole simple\n        • couleur de remplissage : RVB 0,77,168 (#004DA8)\n        • nom du symbole : circle\n        • style de jointure : angle droit\n        • taille : 2 pt\n\n    Ligne simple\n    • décalage vertical : 1 pt\n    • couleur : RVB 110,110,110 (#6e6e6e)\n    • largeur de trait : 0.6 pt\n    • style de trait : ligne continue\n\n    Ligne simple\n    • décalage vertical : -1 pt\n    • couleur : RVB 110,110,110 (#6e6e6e)\n    • largeur de trait : 0.6 pt\n    • style de trait : ligne continue;P;PSC-P_02-00_110;Symbole simple\n• nom du symbole : triangle\n• taille : 8 pt\n• couleur de remplissage : RVB 110,110,110 (#6E6E6E)\n• taille de contour : 1,5 pt\n• couleur de contour : RVB 0,77,168 (#004DA8);02-00_110;alternatif
02;00;120;Limitations de la constructibilité pour des raisons environnementales, de risques, d’intérêt général : MOUVEMENT TERRAIN;S;PSC-S_02-00_120;Motif de lignes\n• décalage : 4 pt\n• espacement : 13 pt\n• rotation : 60°\n\n    Ligne de symboles\n    • intervalle : 4 pt\n\n        Symbole simple\n        • couleur de remplissage : RVB 115,76,0 (#734C00)\n        • nom du symbole : circle\n        • style de jointure : angle droit\n        • taille : 1 pt\n\nMotif de lignes\n• décalage : 9 pt\n• espacement : 13 pt\n• rotation : 60°\n\n    Ligne simple\n    • couleur : RVB 110,110,110 (#6e6e6e)\n    • largeur de trait : 0.8 pt\n    • style de cap : plat\n    • style de jointure : angle droit\n    • style de trait : ligne continue\n\nMotif de lignes\n• espacement : 13 pt\n• rotation : 60°\n\n    Ligne simple\n    • couleur : RVB 110,110,110 (#6e6e6e)\n    • largeur de trait : 0.8 pt\n    • style de cap : plat\n    • style de jointure : angle droit\n    • style de trait : ligne continue\n\nLigne simple\n• couleur : RVB 115,76,0 (#734C00)\n• largeur de trait : 0.8 pt\n• style de trait : ligne continue;L;PSC-L_02-00_120;Ligne de symboles\n    • intervalle : 4 pt\n\n        Symbole simple\n        • couleur de remplissage : RVB 115,76,0 (#734C00)\n        • nom du symbole : circle\n        • style de jointure : angle droit\n        • taille : 2 pt\n\n    Ligne simple\n    • décalage vertical : 1 pt\n    • couleur : RVB 110,110,110 (#6e6e6e)\n    • largeur de trait : 0.6 pt\n    • style de trait : ligne continue\n\n    Ligne simple\n    • décalage vertical : -1 pt\n    • couleur : RVB 110,110,110 (#6e6e6e)\n    • largeur de trait : 0.6 pt\n    • style de trait : ligne continue;P;PSC-P_02-00_120;Symbole simple\n• nom du symbole : triangle\n• taille : 8 pt\n• couleur de remplissage : RVB 110,110,110 (#6E6E6E)\n• taille de contour : 1,5 pt\n• couleur de contour : RVB 115,76,0 (#734C00);02-00_120;alternatif
02;00;140;Limitations de la constructibilité pour des raisons environnementales, de risques, d’intérêt général : AVALANCHE;S;PSC-S_02-00_140;Motif de lignes\n• décalage : 4 pt\n• espacement : 13 pt\n• rotation : 120°\n\n    Ligne de symboles\n    • intervalle : 4 pt\n\n        Symbole simple\n        • couleur de remplissage : RVB 225,225,225 (#E1E1E1)\n        • nom du symbole : circle\n        • style de jointure : angle droit\n        • taille : 1 pt\n\nMotif de lignes\n• décalage : 9 pt\n• espacement : 13 pt\n• rotation : 120°\n\n    Ligne simple\n    • couleur : RVB 110,110,110 (#6e6e6e)\n    • largeur de trait : 0.8 pt\n    • style de cap : plat\n    • style de jointure : angle droit\n    • style de trait : ligne continue\n\nMotif de lignes\n• espacement : 13 pt\n• rotation : 120°\n\n    Ligne simple\n    • couleur : RVB 110,110,110 (#6e6e6e)\n    • largeur de trait : 0.8 pt\n    • style de cap : plat\n    • style de jointure : angle droit\n    • style de trait : ligne continue\n\nLigne simple\n• couleur : RVB 225,225,225 (#E1E1E1)\n• largeur de trait : 0.8 pt\n• style de trait : ligne continue;L;PSC-L_02-00_140;Ligne de symboles\n    • intervalle : 4 pt\n\n        Symbole simple\n        • couleur de remplissage : RVB 225,225,225 (#E1E1E1)\n        • nom du symbole : circle\n        • style de jointure : angle droit\n        • taille : 2 pt\n\n    Ligne simple\n    • décalage vertical : 1 pt\n    • couleur : RVB 110,110,110 (#6e6e6e)\n    • largeur de trait : 0.6 pt\n    • style de trait : ligne continue\n\n    Ligne simple\n    • décalage vertical : -1 pt\n    • couleur : RVB 110,110,110 (#6e6e6e)\n    • largeur de trait : 0.6 pt\n    • style de trait : ligne continue;P;PSC-P_02-00_140;Symbole simple\n• nom du symbole : triangle\n• taille : 8 pt\n• couleur de remplissage : RVB 110,110,110 (#6E6E6E)\n• taille de contour : 1,5 pt\n• couleur de contour : RVB 225,225,225 (#E1E1E1)\nSymbole simple\n• nom du symbole : triangle\n• taille : 12 pt\n• couleur de remplissage : RVB 110,110,110 (#6E6E6E);02-00_140;alternatif
02;00;160;Limitations de la constructibilité pour des raisons environnementales, de risques, d’intérêt général : FEU;S;PSC-S_02-00_160;Motif de lignes\n• décalage : 4 pt\n• espacement : 13 pt\n• rotation : 30°\n\n    Ligne de symboles\n    • intervalle : 4 pt\n\n        Symbole simple\n        • couleur de remplissage : RVB 255,85,0 (#FF5500)\n        • nom du symbole : circle\n        • style de jointure : angle droit\n        • taille : 1 pt\n\nMotif de lignes\n• décalage : 9 pt\n• espacement : 13 pt\n• rotation : 30°\n\n    Ligne simple\n    • couleur : RVB 110,110,110 (#6e6e6e)\n    • largeur de trait : 0.8 pt\n    • style de cap : plat\n    • style de jointure : angle droit\n    • style de trait : ligne continue\n\nMotif de lignes\n• espacement : 13 pt\n• rotation : 30°\n\n    Ligne simple\n    • couleur : RVB 110,110,110 (#6e6e6e)\n    • largeur de trait : 0.8 pt\n    • style de cap : plat\n    • style de jointure : angle droit\n    • style de trait : ligne continue\n\nLigne simple\n• couleur : RVB 255,85,0 (#FF5500)\n• largeur de trait : 0.8 pt\n• style de trait : ligne continue;L;PSC-L_02-00_160;Ligne de symboles\n    • intervalle : 4 pt\n\n        Symbole simple\n        • couleur de remplissage : RVB 255,85,0 (#FF5500)\n        • nom du symbole : circle\n        • style de jointure : angle droit\n        • taille : 2 pt\n\n    Ligne simple\n    • décalage vertical : 1 pt\n    • couleur : RVB 110,110,110 (#6e6e6e)\n    • largeur de trait : 0.6 pt\n    • style de trait : ligne continue\n\n    Ligne simple\n    • décalage vertical : -1 pt\n    • couleur : RVB 110,110,110 (#6e6e6e)\n    • largeur de trait : 0.6 pt\n    • style de trait : ligne continue;P;PSC-P_02-00_160;Symbole simple\n• nom du symbole : triangle\n• taille : 8 pt\n• couleur de remplissage : RVB 110,110,110 (#6E6E6E)\n• taille de contour : 1,5 pt\n• couleur de contour : RVB 255,85,0 (#FF5500);02-00_160;alternatif
02;00;200;Limitations de la constructibilité pour des raisons environnementales, de risques, d’intérêt général : TECHNOLOGIQUE;S;PSC-S_02-00_200;Motif de lignes\n• décalage : 4 pt\n• espacement : 13 pt\n• rotation : 90°\n\n    Ligne de symboles\n    • intervalle : 4 pt\n\n        Symbole simple\n        • couleur de remplissage : RVB 115,0,76 (#73004C)\n        • nom du symbole : circle\n        • style de jointure : angle droit\n        • taille : 1 pt\n\nMotif de lignes\n• décalage : 9 pt\n• espacement : 13 pt\n• rotation : 90°\n\n    Ligne simple\n    • couleur : RVB 110,110,110 (#6e6e6e)\n    • largeur de trait : 0.8 pt\n    • style de cap : plat\n    • style de jointure : angle droit\n    • style de trait : ligne continue\n\nMotif de lignes\n• espacement : 13 pt\n• rotation : 90°\n\n    Ligne simple\n    • couleur : RVB 110,110,110 (#6e6e6e)\n    • largeur de trait : 0.8 pt\n    • style de cap : plat\n    • style de jointure : angle droit\n    • style de trait : ligne continue\n\nLigne simple\n• couleur : RVB 115,0,76 (#73004C)\n• largeur de trait : 0.8 pt\n• style de trait : ligne continue;L;PSC-L_02-00_200;Ligne de symboles\n    • intervalle : 4 pt\n\n        Symbole simple\n        • couleur de remplissage : RVB 115,0,76 (#73004C)\n        • nom du symbole : circle\n        • style de jointure : angle droit\n        • taille : 2 pt\n\n    Ligne simple\n    • décalage vertical : 1 pt\n    • couleur : RVB 110,110,110 (#6e6e6e)\n    • largeur de trait : 0.6 pt\n    • style de trait : ligne continue\n\n    Ligne simple\n    • décalage vertical : -1 pt\n    • couleur : RVB 110,110,110 (#6e6e6e)\n    • largeur de trait : 0.6 pt\n    • style de trait : ligne continue;P;PSC-P_02-00_200;Symbole simple\n• nom du symbole : triangle\n• taille : 8 pt\n• couleur de remplissage : RVB 110,110,110 (#6E6E6E)\n• taille de contour : 1,5 pt\n• couleur de contour : RVB 115,0,76 (#73004C);02-00_200;alternatif
02;01;001;Secteur avec interdiction de constructibilité pour des raisons environnementales, de risques, d’intérêt général;S;PSC-S_02-01_001;Motif de lignes\n• décalage : 4 pt\n• espacement : 13 pt\n• rotation : 45°\n\n    Ligne de symboles\n    • intervalle : 4 pt\n\n        Symbole simple\n        • couleur de remplissage : RVB 223,115,225 (#df73e1)\n        • nom du symbole : circle\n        • style de jointure : angle droit\n        • taille : 1 pt\n\nMotif de lignes\n• décalage : 9 pt\n• espacement : 13 pt\n• rotation : 45°\n\n    Ligne simple\n    • couleur : RVB 223,115,225 (#df73e1)\n    • largeur de trait : 0.8 pt\n    • style de cap : plat\n    • style de jointure : angle droit\n    • style de trait : ligne continue\n\nMotif de lignes\n• espacement : 13 pt\n• rotation : 45°\n\n    Ligne simple\n    • couleur : RVB 223,115,225 (#df73e1)\n    • largeur de trait : 0.8 pt\n    • style de cap : plat\n    • style de jointure : angle droit\n    • style de trait : ligne continue\n\nLigne simple\n• couleur : RVB 223,115,225 (#df73e1)\n• largeur de trait : 0.8 pt\n• style de trait : ligne continue;L;PSC-L_02-01_001;Ligne de symboles\n    • intervalle : 4 pt\n\n        Symbole simple\n        • couleur de remplissage : RVB 223,115,225 (#df73e1)\n        • nom du symbole : circle\n        • style de jointure : angle droit\n        • taille : 2 pt\n\n    Ligne simple\n    • décalage vertical : 1 pt\n    • couleur : RVB 223,115,225 (#df73e1)\n    • largeur de trait : 0.6 pt\n    • style de trait : ligne continue\n\n    Ligne simple\n    • décalage vertical : -1 pt\n    • couleur : RVB 223,115,225 (#df73e1)\n    • largeur de trait : 0.6 pt\n    • style de trait : ligne continue;P;PSC-P_02-01_001;Symbole simple\n• nom du symbole : triangle\n• taille : 8 pt\n• couleur de remplissage : RVB 223,115,225 (#DF73E1)\n• taille de contour : 1,5 pt\n• couleur de contour : RVB 223,115,225 (#DF73E1);02-01_001;symbole
02;01;110;Secteur avec interdiction de constructibilité pour des raisons environnementales, de risques, d’intérêt général : INONDATION;S;PSC-S_02-01_110;Motif de lignes\n• décalage : 4 pt\n• espacement : 13 pt\n• rotation : 45°\n\n    Ligne de symboles\n    • intervalle : 4 pt\n\n        Symbole simple\n        • couleur de remplissage : RVB 0,77,168 (#004DA8)\n        • nom du symbole : circle\n        • style de jointure : angle droit\n        • taille : 1 pt\n\nMotif de lignes\n• décalage : 9 pt\n• espacement : 13 pt\n• rotation : 45°\n\n    Ligne simple\n    • couleur : RVB 223,115,225 (#df73e1)\n    • largeur de trait : 0.8 pt\n    • style de cap : plat\n    • style de jointure : angle droit\n    • style de trait : ligne continue\n\nMotif de lignes\n• espacement : 13 pt\n• rotation : 45°\n\n    Ligne simple\n    • couleur : RVB 223,115,225 (#df73e1)\n    • largeur de trait : 0.8 pt\n    • style de cap : plat\n    • style de jointure : angle droit\n    • style de trait : ligne continue\n\nLigne simple\n• couleur : RVB 0,77,168 (#004DA8)\n• largeur de trait : 0.8 pt\n• style de trait : ligne continue;L;PSC-L_02-01_110;Ligne de symboles\n    • intervalle : 4 pt\n\n        Symbole simple\n        • couleur de remplissage : RVB 0,77,168 (#004DA8)\n        • nom du symbole : circle\n        • style de jointure : angle droit\n        • taille : 2 pt\n\n    Ligne simple\n    • décalage vertical : 1 pt\n    • couleur : RVB 223,115,225 (#df73e1)\n    • largeur de trait : 0.6 pt\n    • style de trait : ligne continue\n\n    Ligne simple\n    • décalage vertical : -1 pt\n    • couleur : RVB 223,115,225 (#df73e1)\n    • largeur de trait : 0.6 pt\n    • style de trait : ligne continue;P;PSC-P_02-01_110;Symbole simple\n• nom du symbole : triangle\n• taille : 8 pt\n• couleur de remplissage : RVB 223,115,225 (#DF73E1)\n• taille de contour : 1,5 pt\n• couleur de contour : RVB 0,77,168 (#004DA8);02-01_110;alternatif
02;01;120;Secteur avec interdiction de constructibilité pour des raisons environnementales, de risques, d’intérêt général : MOUVEMENT TERRAIN;S;PSC-S_02-01_120;Motif de lignes\n• décalage : 4 pt\n• espacement : 13 pt\n• rotation : 60°\n\n    Ligne de symboles\n    • intervalle : 4 pt\n\n        Symbole simple\n        • couleur de remplissage : RVB 115,76,0 (#734C00)\n        • nom du symbole : circle\n        • style de jointure : angle droit\n        • taille : 1 pt\n\nMotif de lignes\n• décalage : 9 pt\n• espacement : 13 pt\n• rotation : 60°\n\n    Ligne simple\n    • couleur : RVB 223,115,225 (#df73e1)\n    • largeur de trait : 0.8 pt\n    • style de cap : plat\n    • style de jointure : angle droit\n    • style de trait : ligne continue\n\nMotif de lignes\n• espacement : 13 pt\n• rotation : 60°\n\n    Ligne simple\n    • couleur : RVB 223,115,225 (#df73e1)\n    • largeur de trait : 0.8 pt\n    • style de cap : plat\n    • style de jointure : angle droit\n    • style de trait : ligne continue\n\nLigne simple\n• couleur : RVB 115,76,0 (#734C00)\n• largeur de trait : 0.8 pt\n• style de trait : ligne continue;L;PSC-L_02-01_120;Ligne de symboles\n    • intervalle : 4 pt\n\n        Symbole simple\n        • couleur de remplissage : RVB 115,76,0 (#734C00)\n        • nom du symbole : circle\n        • style de jointure : angle droit\n        • taille : 2 pt\n\n    Ligne simple\n    • décalage vertical : 1 pt\n    • couleur : RVB 223,115,225 (#df73e1)\n    • largeur de trait : 0.6 pt\n    • style de trait : ligne continue\n\n    Ligne simple\n    • décalage vertical : -1 pt\n    • couleur : RVB 223,115,225 (#df73e1)\n    • largeur de trait : 0.6 pt\n    • style de trait : ligne continue;P;PSC-P_02-01_120;Symbole simple\n• nom du symbole : triangle\n• taille : 8 pt\n• couleur de remplissage : RVB 223,115,225 (#DF73E1)\n• taille de contour : 1,5 pt\n• couleur de contour : RVB 115,76,0 (#734C00);02-01_120;alternatif
02;01;140;Secteur avec interdiction de constructibilité pour des raisons environnementales, de risques, d’intérêt général : AVALANCHE;S;PSC-S_02-01_140;Motif de lignes\n• décalage : 4 pt\n• espacement : 13 pt\n• rotation : 120°\n\n    Ligne de symboles\n    • intervalle : 4 pt\n\n        Symbole simple\n        • couleur de remplissage : RVB 225,225,225 (#E1E1E1)\n        • nom du symbole : circle\n        • style de jointure : angle droit\n        • taille : 1 pt\n\nMotif de lignes\n• décalage : 9 pt\n• espacement : 13 pt\n• rotation : 120°\n\n    Ligne simple\n    • couleur : RVB 223,115,225 (#df73e1)\n    • largeur de trait : 0.8 pt\n    • style de cap : plat\n    • style de jointure : angle droit\n    • style de trait : ligne continue\n\nMotif de lignes\n• espacement : 13 pt\n• rotation : 120°\n\n    Ligne simple\n    • couleur : RVB 223,115,225 (#df73e1)\n    • largeur de trait : 0.8 pt\n    • style de cap : plat\n    • style de jointure : angle droit\n    • style de trait : ligne continue\n\nLigne simple\n• couleur : RVB 225,225,225 (#E1E1E1)\n• largeur de trait : 0.8 pt\n• style de trait : ligne continue;L;PSC-L_02-01_140;Ligne de symboles\n    • intervalle : 4 pt\n\n        Symbole simple\n        • couleur de remplissage : RVB 225,225,225 (#E1E1E1)\n        • nom du symbole : circle\n        • style de jointure : angle droit\n        • taille : 2 pt\n\n    Ligne simple\n    • décalage vertical : 1 pt\n    • couleur : RVB 223,115,225 (#df73e1)\n    • largeur de trait : 0.6 pt\n    • style de trait : ligne continue\n\n    Ligne simple\n    • décalage vertical : -1 pt\n    • couleur : RVB 223,115,225 (#df73e1)\n    • largeur de trait : 0.6 pt\n    • style de trait : ligne continue;P;PSC-P_02-01_140;Symbole simple\n• nom du symbole : triangle\n• taille : 8 pt\n• couleur de remplissage : RVB 223,115,225 (#DF73E1)\n• taille de contour : 1,5 pt\n• couleur de contour : RVB 225,225,225 (#E1E1E1)\nSymbole simple\n• nom du symbole : triangle\n• taille : 12 pt\n• couleur de remplissage : RVB 223,115,225 (#DF73E1);02-01_140;alternatif
02;01;160;Secteur avec interdiction de constructibilité pour des raisons environnementales, de risques, d’intérêt général : FEU;S;PSC-S_02-01_160;Motif de lignes\n• décalage : 4 pt\n• espacement : 13 pt\n• rotation : 30°\n\n    Ligne de symboles\n    • intervalle : 4 pt\n\n        Symbole simple\n        • couleur de remplissage : RVB 255,85,0 (#FF5500)\n        • nom du symbole : circle\n        • style de jointure : angle droit\n        • taille : 1 pt\n\nMotif de lignes\n• décalage : 9 pt\n• espacement : 13 pt\n• rotation : 30°\n\n    Ligne simple\n    • couleur : RVB 223,115,225 (#df73e1)\n    • largeur de trait : 0.8 pt\n    • style de cap : plat\n    • style de jointure : angle droit\n    • style de trait : ligne continue\n\nMotif de lignes\n• espacement : 13 pt\n• rotation : 30°\n\n    Ligne simple\n    • couleur : RVB 223,115,225 (#df73e1)\n    • largeur de trait : 0.8 pt\n    • style de cap : plat\n    • style de jointure : angle droit\n    • style de trait : ligne continue\n\nLigne simple\n• couleur : RVB 255,85,0 (#FF5500)\n• largeur de trait : 0.8 pt\n• style de trait : ligne continue;L;PSC-L_02-01_160;Ligne de symboles\n    • intervalle : 4 pt\n\n        Symbole simple\n        • couleur de remplissage : RVB 255,85,0 (#FF5500)\n        • nom du symbole : circle\n        • style de jointure : angle droit\n        • taille : 2 pt\n\n    Ligne simple\n    • décalage vertical : 1 pt\n    • couleur : RVB 223,115,225 (#df73e1)\n    • largeur de trait : 0.6 pt\n    • style de trait : ligne continue\n\n    Ligne simple\n    • décalage vertical : -1 pt\n    • couleur : RVB 223,115,225 (#df73e1)\n    • largeur de trait : 0.6 pt\n    • style de trait : ligne continue;P;PSC-P_02-01_160;Symbole simple\n• nom du symbole : triangle\n• taille : 8 pt\n• couleur de remplissage : RVB 223,115,225 (#DF73E1)\n• taille de contour : 1,5 pt\n• couleur de contour : RVB 255,85,0 (#FF5500);02-01_160;alternatif
02;01;200;Secteur avec interdiction de constructibilité pour des raisons environnementales, de risques, d’intérêt général : TECHNOLOGIQUE;S;PSC-S_02-01_200;Motif de lignes\n• décalage : 4 pt\n• espacement : 13 pt\n• rotation : 90°\n\n    Ligne de symboles\n    • intervalle : 4 pt\n\n        Symbole simple\n        • couleur de remplissage : RVB 115,0,76 (#73004C)\n        • nom du symbole : circle\n        • style de jointure : angle droit\n        • taille : 1 pt\n\nMotif de lignes\n• décalage : 9 pt\n• espacement : 13 pt\n• rotation : 90°\n\n    Ligne simple\n    • couleur : RVB 223,115,225 (#df73e1)\n    • largeur de trait : 0.8 pt\n    • style de cap : plat\n    • style de jointure : angle droit\n    • style de trait : ligne continue\n\nMotif de lignes\n• espacement : 13 pt\n• rotation : 90°\n\n    Ligne simple\n    • couleur : RVB 223,115,225 (#df73e1)\n    • largeur de trait : 0.8 pt\n    • style de cap : plat\n    • style de jointure : angle droit\n    • style de trait : ligne continue\n\nLigne simple\n• couleur : RVB 115,0,76 (#73004C)\n• largeur de trait : 0.8 pt\n• style de trait : ligne continue;L;PSC-L_02-01_200;Ligne de symboles\n    • intervalle : 4 pt\n\n        Symbole simple\n        • couleur de remplissage : RVB 115,0,76 (#73004C)\n        • nom du symbole : circle\n        • style de jointure : angle droit\n        • taille : 2 pt\n\n    Ligne simple\n    • décalage vertical : 1 pt\n    • couleur : RVB 223,115,225 (#df73e1)\n    • largeur de trait : 0.6 pt\n    • style de trait : ligne continue\n\n    Ligne simple\n    • décalage vertical : -1 pt\n    • couleur : RVB 223,115,225 (#df73e1)\n    • largeur de trait : 0.6 pt\n    • style de trait : ligne continue;P;PSC-P_02-01_200;Symbole simple\n• nom du symbole : triangle\n• taille : 8 pt\n• couleur de remplissage : RVB 223,115,225 (#DF73E1)\n• taille de contour : 1,5 pt\n• couleur de contour : RVB 115,0,76 (#73004C);02-01_200;alternatif
02;02;001;Secteur avec conditions spéciales de constructibilité pour des raisons environnementales, de risques, d’intérêt général;S;PSC-S_02-02_001;Motif de lignes\n• décalage : 4 pt\n• espacement : 13 pt\n• rotation : 45°\n\n    Ligne de symboles\n    • intervalle : 4 pt\n\n        Symbole simple\n        • couleur de remplissage : RVB 255,167,127 (#ffa77f)\n        • nom du symbole : circle\n        • style de jointure : angle droit\n        • taille : 1 pt\n\nMotif de lignes\n• décalage : 9 pt\n• espacement : 13 pt\n• rotation : 45°\n\n    Ligne simple\n    • couleur : RVB 255,167,127 (#ffa77f)\n    • largeur de trait : 0.8 pt\n    • style de cap : plat\n    • style de jointure : angle droit\n    • style de trait : ligne continue\n\nMotif de lignes\n• espacement : 13 pt\n• rotation : 45°\n\n    Ligne simple\n    • couleur : RVB 255,167,127 (#ffa77f)\n    • largeur de trait : 0.8 pt\n    • style de cap : plat\n    • style de jointure : angle droit\n    • style de trait : ligne continue\n\nLigne simple\n• couleur : RVB 255,167,127 (#ffa77f)\n• largeur de trait : 0.8 pt\n• style de trait : ligne continue;L;PSC-L_02-02_001;Ligne de symboles\n    • intervalle : 4 pt\n\n        Symbole simple\n        • couleur de remplissage : RVB 255,167,127 (#ffa77f)\n        • nom du symbole : circle\n        • style de jointure : angle droit\n        • taille : 2 pt\n\n    Ligne simple\n    • décalage vertical : 1 pt\n    • couleur : RVB 255,167,127 (#ffa77f)\n    • largeur de trait : 0.6 pt\n    • style de trait : ligne continue\n\n    Ligne simple\n    • décalage vertical : -1 pt\n    • couleur : RVB 255,167,127 (#ffa77f)\n    • largeur de trait : 0.6 pt\n    • style de trait : ligne continue;P;PSC-P_02-02_001;Symbole simple\n• nom du symbole : triangle\n• taille : 8 pt\n• couleur de remplissage : RVB 255,167,127 (#FFA77F)\n• taille de contour : 1,5 pt\n• couleur de contour : RVB 255,167,127 (#FFA77F);02-02_001;symbole
02;02;110;Secteur avec conditions spéciales de constructibilité pour des raisons environnementales, de risques, d’intérêt général : INONDATION;S;PSC-S_02-02_110;Motif de lignes\n• décalage : 4 pt\n• espacement : 13 pt\n• rotation : 45°\n\n    Ligne de symboles\n    • intervalle : 4 pt\n\n        Symbole simple\n        • couleur de remplissage : RVB 0,77,168 (#004DA8)\n        • nom du symbole : circle\n        • style de jointure : angle droit\n        • taille : 1 pt\n\nMotif de lignes\n• décalage : 9 pt\n• espacement : 13 pt\n• rotation : 45°\n\n    Ligne simple\n    • couleur : RVB 255,167,127 (#ffa77f)\n    • largeur de trait : 0.8 pt\n    • style de cap : plat\n    • style de jointure : angle droit\n    • style de trait : ligne continue\n\nMotif de lignes\n• espacement : 13 pt\n• rotation : 45°\n\n    Ligne simple\n    • couleur : RVB 255,167,127 (#ffa77f)\n    • largeur de trait : 0.8 pt\n    • style de cap : plat\n    • style de jointure : angle droit\n    • style de trait : ligne continue\n\nLigne simple\n• couleur : RVB 0,77,168 (#004DA8)\n• largeur de trait : 0.8 pt\n• style de trait : ligne continue;L;PSC-L_02-02_110;Ligne de symboles\n    • intervalle : 4 pt\n\n        Symbole simple\n        • couleur de remplissage : RVB 0,77,168 (#004DA8)\n        • nom du symbole : circle\n        • style de jointure : angle droit\n        • taille : 2 pt\n\n    Ligne simple\n    • décalage vertical : 1 pt\n    • couleur : RVB 255,167,127 (#ffa77f)\n    • largeur de trait : 0.6 pt\n    • style de trait : ligne continue\n\n    Ligne simple\n    • décalage vertical : -1 pt\n    • couleur : RVB 255,167,127 (#ffa77f)\n    • largeur de trait : 0.6 pt\n    • style de trait : ligne continue;P;PSC-P_02-02_110;Symbole simple\n• nom du symbole : triangle\n• taille : 8 pt\n• couleur de remplissage : RVB 255,167,127 (#FFA77F)\n• taille de contour : 1,5 pt\n• couleur de contour : RVB 0,77,168 (#004DA8);02-02_110;alternatif
02;02;120;Secteur avec conditions spéciales de constructibilité pour des raisons environnementales, de risques, d’intérêt général : MOUVEMENT TERRAIN;S;PSC-S_02-02_120;Motif de lignes\n• décalage : 4 pt\n• espacement : 13 pt\n• rotation : 60°\n\n    Ligne de symboles\n    • intervalle : 4 pt\n\n        Symbole simple\n        • couleur de remplissage : RVB 115,76,0 (#734C00)\n        • nom du symbole : circle\n        • style de jointure : angle droit\n        • taille : 1 pt\n\nMotif de lignes\n• décalage : 9 pt\n• espacement : 13 pt\n• rotation : 60°\n\n    Ligne simple\n    • couleur : RVB 255,167,127 (#ffa77f)\n    • largeur de trait : 0.8 pt\n    • style de cap : plat\n    • style de jointure : angle droit\n    • style de trait : ligne continue\n\nMotif de lignes\n• espacement : 13 pt\n• rotation : 60°\n\n    Ligne simple\n    • couleur : RVB 255,167,127 (#ffa77f)\n    • largeur de trait : 0.8 pt\n    • style de cap : plat\n    • style de jointure : angle droit\n    • style de trait : ligne continue\n\nLigne simple\n• couleur : RVB 115,76,0 (#734C00)\n• largeur de trait : 0.8 pt\n• style de trait : ligne continue;L;PSC-L_02-02_120;Ligne de symboles\n    • intervalle : 4 pt\n\n        Symbole simple\n        • couleur de remplissage : RVB 115,76,0 (#734C00)\n        • nom du symbole : circle\n        • style de jointure : angle droit\n        • taille : 2 pt\n\n    Ligne simple\n    • décalage vertical : 1 pt\n    • couleur : RVB 255,167,127 (#ffa77f)\n    • largeur de trait : 0.6 pt\n    • style de trait : ligne continue\n\n    Ligne simple\n    • décalage vertical : -1 pt\n    • couleur : RVB 255,167,127 (#ffa77f)\n    • largeur de trait : 0.6 pt\n    • style de trait : ligne continue;P;PSC-P_02-02_120;Symbole simple\n• nom du symbole : triangle\n• taille : 8 pt\n• couleur de remplissage : RVB 255,167,127 (#FFA77F)\n• taille de contour : 1,5 pt\n• couleur de contour : RVB 115,76,0 (#734C00);02-02_120;alternatif
02;02;140;Secteur avec conditions spéciales de constructibilité pour des raisons environnementales, de risques, d’intérêt général : AVALANCHE;S;PSC-S_02-02_140;Motif de lignes\n• décalage : 4 pt\n• espacement : 13 pt\n• rotation : 120°\n\n    Ligne de symboles\n    • intervalle : 4 pt\n\n        Symbole simple\n        • couleur de remplissage : RVB 225,225,225 (#E1E1E1)\n        • nom du symbole : circle\n        • style de jointure : angle droit\n        • taille : 1 pt\n\nMotif de lignes\n• décalage : 9 pt\n• espacement : 13 pt\n• rotation : 120°\n\n    Ligne simple\n    • couleur : RVB 255,167,127 (#ffa77f)\n    • largeur de trait : 0.8 pt\n    • style de cap : plat\n    • style de jointure : angle droit\n    • style de trait : ligne continue\n\nMotif de lignes\n• espacement : 13 pt\n• rotation : 120°\n\n    Ligne simple\n    • couleur : RVB 255,167,127 (#ffa77f)\n    • largeur de trait : 0.8 pt\n    • style de cap : plat\n    • style de jointure : angle droit\n    • style de trait : ligne continue\n\nLigne simple\n• couleur : RVB 225,225,225 (#E1E1E1)\n• largeur de trait : 0.8 pt\n• style de trait : ligne continue;L;PSC-L_02-02_140;Ligne de symboles\n    • intervalle : 4 pt\n\n        Symbole simple\n        • couleur de remplissage : RVB 225,225,225 (#E1E1E1)\n        • nom du symbole : circle\n        • style de jointure : angle droit\n        • taille : 2 pt\n\n    Ligne simple\n    • décalage vertical : 1 pt\n    • couleur : RVB 255,167,127 (#ffa77f)\n    • largeur de trait : 0.6 pt\n    • style de trait : ligne continue\n\n    Ligne simple\n    • décalage vertical : -1 pt\n    • couleur : RVB 255,167,127 (#ffa77f)\n    • largeur de trait : 0.6 pt\n    • style de trait : ligne continue;P;PSC-P_02-02_140;Symbole simple\n• nom du symbole : triangle\n• taille : 8 pt\n• couleur de remplissage : RVB 255,167,127 (#FFA77F)\n• taille de contour : 1,5 pt\n• couleur de contour : RVB 225,225,225 (#E1E1E1)\nSymbole simple\n• nom du symbole : triangle\n• taille : 12 pt\n• couleur de remplissage : RVB 255,167,127 (#FFA77F);02-02_140;alternatif
02;02;160;Secteur avec conditions spéciales de constructibilité pour des raisons environnementales, de risques, d’intérêt général : FEU;S;PSC-S_02-02_160;Motif de lignes\n• décalage : 4 pt\n• espacement : 13 pt\n• rotation : 30°\n\n    Ligne de symboles\n    • intervalle : 4 pt\n\n        Symbole simple\n        • couleur de remplissage : RVB 255,85,0 (#FF5500)\n        • nom du symbole : circle\n        • style de jointure : angle droit\n        • taille : 1 pt\n\nMotif de lignes\n• décalage : 9 pt\n• espacement : 13 pt\n• rotation : 30°\n\n    Ligne simple\n    • couleur : RVB 255,167,127 (#ffa77f)\n    • largeur de trait : 0.8 pt\n    • style de cap : plat\n    • style de jointure : angle droit\n    • style de trait : ligne continue\n\nMotif de lignes\n• espacement : 13 pt\n• rotation : 30°\n\n    Ligne simple\n    • couleur : RVB 255,167,127 (#ffa77f)\n    • largeur de trait : 0.8 pt\n    • style de cap : plat\n    • style de jointure : angle droit\n    • style de trait : ligne continue\n\nLigne simple\n• couleur : RVB 255,85,0 (#FF5500)\n• largeur de trait : 0.8 pt\n• style de trait : ligne continue;L;PSC-L_02-02_160;Ligne de symboles\n    • intervalle : 4 pt\n\n        Symbole simple\n        • couleur de remplissage : RVB 255,85,0 (#FF5500)\n        • nom du symbole : circle\n        • style de jointure : angle droit\n        • taille : 2 pt\n\n    Ligne simple\n    • décalage vertical : 1 pt\n    • couleur : RVB 255,167,127 (#ffa77f)\n    • largeur de trait : 0.6 pt\n    • style de trait : ligne continue\n\n    Ligne simple\n    • décalage vertical : -1 pt\n    • couleur : RVB 255,167,127 (#ffa77f)\n    • largeur de trait : 0.6 pt\n    • style de trait : ligne continue;P;PSC-P_02-02_160;Symbole simple\n• nom du symbole : triangle\n• taille : 8 pt\n• couleur de remplissage : RVB 255,167,127 (#FFA77F)\n• taille de contour : 1,5 pt\n• couleur de contour : RVB 255,85,0 (#FF5500);02-02_160;alternatif
02;02;200;Secteur avec conditions spéciales de constructibilité pour des raisons environnementales, de risques, d’intérêt général : TECHNOLOGIQUE;S;PSC-S_02-02_200;Motif de lignes\n• décalage : 4 pt\n• espacement : 13 pt\n• rotation : 90°\n\n    Ligne de symboles\n    • intervalle : 4 pt\n\n        Symbole simple\n        • couleur de remplissage : RVB 115,0,76 (#73004C)\n        • nom du symbole : circle\n        • style de jointure : angle droit\n        • taille : 1 pt\n\nMotif de lignes\n• décalage : 9 pt\n• espacement : 13 pt\n• rotation : 90°\n\n    Ligne simple\n    • couleur : RVB 255,167,127 (#ffa77f)\n    • largeur de trait : 0.8 pt\n    • style de cap : plat\n    • style de jointure : angle droit\n    • style de trait : ligne continue\n\nMotif de lignes\n• espacement : 13 pt\n• rotation : 90°\n\n    Ligne simple\n    • couleur : RVB 255,167,127 (#ffa77f)\n    • largeur de trait : 0.8 pt\n    • style de cap : plat\n    • style de jointure : angle droit\n    • style de trait : ligne continue\n\nLigne simple\n• couleur : RVB 115,0,76 (#73004C)\n• largeur de trait : 0.8 pt\n• style de trait : ligne continue;L;PSC-L_02-02_200;Ligne de symboles\n    • intervalle : 4 pt\n\n        Symbole simple\n        • couleur de remplissage : RVB 115,0,76 (#73004C)\n        • nom du symbole : circle\n        • style de jointure : angle droit\n        • taille : 2 pt\n\n    Ligne simple\n    • décalage vertical : 1 pt\n    • couleur : RVB 255,167,127 (#ffa77f)\n    • largeur de trait : 0.6 pt\n    • style de trait : ligne continue\n\n    Ligne simple\n    • décalage vertical : -1 pt\n    • couleur : RVB 255,167,127 (#ffa77f)\n    • largeur de trait : 0.6 pt\n    • style de trait : ligne continue;P;PSC-P_02-02_200;Symbole simple\n• nom du symbole : triangle\n• taille : 8 pt\n• couleur de remplissage : RVB 255,167,127 (#FFA77F)\n• taille de contour : 1,5 pt\n• couleur de contour : RVB 115,0,76 (#73004C);02-02_200;alternatif
03;00;001;Secteur avec disposition de reconstruction / démolition;S;PSC-S_03-00_001;Ligne de symboles\n• décalage le long de la ligne : 1 pt\n• intervalle : 13 pt\n\n    Symbole de police\n    • caractère(s) : unicode 183\n    • couleur de remplissage : RVB 52,52,52 (#343434)\n    • décalage (en x, en y) : 0,3 pt\n    • famille de police : Wingdings 2\n    • taille : 10 pt\n\nMotif de points\n• distance horizontale : 4 pt\n• distance verticale : 4 pt\n\n    Symbole de police\n    • caractère(s) : = (unicode 61)\n    • couleur de remplissage : RVB 104,104,104 (#686868)\n    • famille de police : Webdings\n    • taille : 2 pt\n\nLigne simple\n• couleur : RVB 52,52,52 (#343434)\n• largeur de trait : 1 pt\n• modèle de tiret personnalisé (tiret | espace) : 2|11 pt;;;;P;PSC-P_03-00_001;Symbole police\n• famille de police : wingding 2\n• caractère : unicode 185\n• taille : 19 pt\n• couleur de remplissage : RVB 0,0,0 (#000000);03-00 à 03_001;symbole
03;01;001;[réservé aux cartes communales] Secteur dans lequel la reconstruction à l'identique d'un bâtiment détruit par un sinistre n'est pas autorisée;S;PSC-S_03-01_001;;;;;P;PSC-P_03-01_001;;03-01_001;sous-code
03;02;001;Interdiction de restauration de bâtiment dont il reste l’essentiel des murs porteurs;S;PSC-S_03-02_001;;;;;P;PSC-P_03-02_001;;03-02_001;sous-code
03;03;001;Interdiction de reconstruction à l'identique;S;PSC-S_03-03_001;;;;;P;PSC-P_03-03_001;;03-03_001;sous-code
04;00;001;Périmètre issu des PDU sur obligation de stationnement;S;PSC-S_04-00_001;Remplissage simple\n• couleur de trait : RVB 255,85,0 (#ff5500)\n• largeur de trait : 1.5 pt\n• style de remplissage : pas de remplissage\n• style de trait : ligne continue;;;;;;;04-00_001;symbole
05;00;001;Emplacement réservé : Remarque : sauf lot de données antérieurs au standard v2017, utiliser impérativement les sous-codes suivants;S;PSC-S_05-00_001;Motif de lignes\n• espacement : 5 pt\n• rotation : 135°\n\nLigne simple\n• couleur : RGB 156,156,156 (9C9C9C)\n• largeur de trait : 0.8 pt\n• style de cap : plat\n• style de jointure : angle droit\n• style de trait : ligne continue\nMotif de lignes\n• espacement : 5 pt\n• rotation : 45°\n\nLigne simple\n• couleur : RGB 156,156,156 (9C9C9C)\n• largeur de trait : 0.8 pt\n• style de cap : plat\n• style de jointure : angle droit\n• style de trait : ligne continue\nLigne simple\n• couleur : RGB 156,156,156 (9C9C9C)\n• largeur de trait : 0.8 pt\n• style de trait : ligne continue;L;PSC-L_05-00_001;Ligne de symboles\n• intervalle : 7 pt\n\n    Symbole simple\n    • couleur de remplissage : transparent\n    • couleur de trait : RGB 156,156,156 (9C9C9C)\n    • largeur de trait : 0.8 pt\n    • nom du symbole : square\n    • rotation : 45°\n    • style de jointure : angle droit\n    • style de trait : ligne continue\n    • taille : 4 pt;P;PSC-P_05-00_001;Symbole simple\n• couleur de remplissage : transparent\n• couleur de trait : RGB 156,156,156 (9C9C9C)\n• largeur de trait : 0.8 pt\n• nom du symbole : square\n• style de trait : ligne continue\n• taille : 5 pt;05-00_001;symbole
05;00;002;Emplacement réservé : Remarque : sauf lot de données antérieurs au standard v2017, utiliser impérativement les sous-codes suivants;S;PSC-S_05-00_002;Motif de lignes\n• espacement : 7 pt\n• rotation : 135°\n\nLigne simple\n• couleur : RGB 156,156,156 (9C9C9C)\n• largeur de trait : 0.8 pt\n• style de cap : plat\n• style de jointure : angle droit\n• style de trait : ligne continue\nMotif de lignes\n• espacement : 7 pt\n• rotation : 45°\n\nLigne simple\n• couleur : RGB 156,156,156 (9C9C9C)\n• largeur de trait : 0.8 pt\n• style de cap : plat\n• style de jointure : angle droit\n• style de trait : ligne continue\nLigne simple\n• couleur : RGB 156,156,156 (9C9C9C)\n• largeur de trait : 0.8 pt\n• style de trait : ligne continue;;;;;;;05-00_002;alternatif
05;01;001;Emplacement réservé aux voies publiques;S;PSC-S_05-01_001;Motif de lignes\n• espacement : 5 pt\n• rotation : 135°\n\nLigne simple\n• couleur : RVB 230,0,169 (#e600a9)\n• largeur de trait : 0.8 pt\n• style de cap : plat\n• style de jointure : angle droit\n• style de trait : ligne continue\nMotif de lignes\n• espacement : 5 pt\n• rotation : 45°\n\nLigne simple\n• couleur : RVB 230,0,169 (#e600a9)\n• largeur de trait : 0.8 pt\n• style de cap : plat\n• style de jointure : angle droit\n• style de trait : ligne continue\nLigne simple\n• couleur : RVB 230,0,169 (#e600a9)\n• largeur de trait : 0.8 pt\n• style de trait : ligne continue;L;PSC-L_05-01_001;Ligne de symboles\n• intervalle : 7 pt\n\n    Symbole simple\n    • couleur de remplissage : transparent\n    • couleur de trait : RVB 230,0,169 (#e600a9)\n    • largeur de trait : 0.8 pt\n    • nom du symbole : square\n    • rotation : 45°\n    • style de jointure : angle droit\n    • style de trait : ligne continue\n    • taille : 4 pt;P;PSC-P_05-01_001;Symbole simple\n• couleur de remplissage : transparent\n• couleur de trait : RVB 230,0,169 (#e600a9)\n• largeur de trait : 0.8 pt\n• nom du symbole : square\n• style de trait : ligne continue\n• taille : 5 pt;05-01_001;symbole
05;01;002;Emplacement réservé aux voies publiques;S;PSC-S_05-01_002;Motif de lignes\n• espacement : 7 pt\n• rotation : 135°\n\nLigne simple\n• couleur : RVB 230,0,169 (#e600a9)\n• largeur de trait : 0.8 pt\n• style de cap : plat\n• style de jointure : angle droit\n• style de trait : ligne continue\nMotif de lignes\n• espacement : 7 pt\n• rotation : 45°\n\nLigne simple\n• couleur : RVB 230,0,169 (#e600a9)\n• largeur de trait : 0.8 pt\n• style de cap : plat\n• style de jointure : angle droit\n• style de trait : ligne continue\nLigne simple\n• couleur : RVB 230,0,169 (#e600a9)\n• largeur de trait : 0.8 pt\n• style de trait : ligne continue;;;;;;;05-01_002;alternatif
05;02;001;Emplacement réservé aux ouvrages publics;S;PSC-S_05-02_001;Motif de lignes\n• espacement : 5 pt\n• rotation : 135°\n\nLigne simple\n• couleur : RGB 168,0,132 (A80084)\n• largeur de trait : 0.8 pt\n• style de cap : plat\n• style de jointure : angle droit\n• style de trait : ligne continue\nMotif de lignes\n• espacement : 5 pt\n• rotation : 45°\n\nLigne simple\n• couleur : RGB 168,0,132 (A80084)\n• largeur de trait : 0.8 pt\n• style de cap : plat\n• style de jointure : angle droit\n• style de trait : ligne continue\nLigne simple\n• couleur : RGB 168,0,132 (A80084)\n• largeur de trait : 0.8 pt\n• style de trait : ligne continue;L;PSC-L_05-02_001;Ligne de symboles\n• intervalle : 7 pt\n\n    Symbole simple\n    • couleur de remplissage : transparent\n    • couleur de trait : RGB 168,0,132 (A80084)\n    • largeur de trait : 0.8 pt\n    • nom du symbole : square\n    • rotation : 45°\n    • style de jointure : angle droit\n    • style de trait : ligne continue\n    • taille : 4 pt;P;PSC-P_05-02_001;Symbole simple\n• couleur de remplissage : transparent\n• couleur de trait : RGB 168,0,132 (A80084)\n• largeur de trait : 0.8 pt\n• nom du symbole : square\n• style de trait : ligne continue\n• taille : 5 pt;05-02_001;symbole
05;02;002;Emplacement réservé aux ouvrages publics;S;PSC-S_05-02_002;Motif de lignes\n• espacement : 7 pt\n• rotation : 135°\n\nLigne simple\n• couleur : RGB 168,0,132 (A80084)\n• largeur de trait : 0.8 pt\n• style de cap : plat\n• style de jointure : angle droit\n• style de trait : ligne continue\nMotif de lignes\n• espacement : 7 pt\n• rotation : 45°\n\nLigne simple\n• couleur : RGB 168,0,132 (A80084)\n• largeur de trait : 0.8 pt\n• style de cap : plat\n• style de jointure : angle droit\n• style de trait : ligne continue\nLigne simple\n• couleur : RGB 168,0,132 (A80084)\n• largeur de trait : 0.8 pt\n• style de trait : ligne continue;;;;;;;05-02_002;alternatif
05;03;001;Emplacement réservé aux installations d’intérêt général;S;PSC-S_05-03_001;Motif de lignes\n• espacement : 5 pt\n• rotation : 135°\n\nLigne simple\n• couleur : RGB 115,0,76 (73004C)\n• largeur de trait : 0.8 pt\n• style de cap : plat\n• style de jointure : angle droit\n• style de trait : ligne continue\nMotif de lignes\n• espacement : 5 pt\n• rotation : 45°\n\nLigne simple\n• couleur : RGB 115,0,76 (73004C)\n• largeur de trait : 0.8 pt\n• style de cap : plat\n• style de jointure : angle droit\n• style de trait : ligne continue\nLigne simple\n• couleur : RGB 115,0,76 (73004C)\n• largeur de trait : 0.8 pt\n• style de trait : ligne continue;L;PSC-L_05-03_001;Ligne de symboles\n• intervalle : 7 pt\n\n    Symbole simple\n    • couleur de remplissage : transparent\n    • couleur de trait : RGB 115,0,76 (73004C)\n    • largeur de trait : 0.8 pt\n    • nom du symbole : square\n    • rotation : 45°\n    • style de jointure : angle droit\n    • style de trait : ligne continue\n    • taille : 4 pt;P;PSC-P_05-03_001;Symbole simple\n• couleur de remplissage : transparent\n• couleur de trait : RGB 115,0,76 (73004C)\n• largeur de trait : 0.8 pt\n• nom du symbole : square\n• style de trait : ligne continue\n• taille : 5 pt;05-03_001;symbole
05;03;002;Emplacement réservé aux installations d’intérêt général;S;PSC-S_05-03_002;Motif de lignes\n• espacement : 7 pt\n• rotation : 135°\n\nLigne simple\n• couleur : RGB 115,0,76 (73004C)\n• largeur de trait : 0.8 pt\n• style de cap : plat\n• style de jointure : angle droit\n• style de trait : ligne continue\nMotif de lignes\n• espacement : 7 pt\n• rotation : 45°\n\nLigne simple\n• couleur : RGB 115,0,76 (73004C)\n• largeur de trait : 0.8 pt\n• style de cap : plat\n• style de jointure : angle droit\n• style de trait : ligne continue\nLigne simple\n• couleur : RGB 115,0,76 (73004C)\n• largeur de trait : 0.8 pt\n• style de trait : ligne continue;;;;;;;05-03_002;alternatif
05;04;001;Emplacement réservé aux espaces verts/continuités écologiques;S;PSC-S_05-04_001;Motif de lignes\n• espacement : 5 pt\n• rotation : 135°\n\nLigne simple\n• couleur : RGB 112,168,0 (70A800)\n• largeur de trait : 0.8 pt\n• style de cap : plat\n• style de jointure : angle droit\n• style de trait : ligne continue\nMotif de lignes\n• espacement : 5 pt\n• rotation : 45°\n\nLigne simple\n• couleur : RGB 112,168,0 (70A800)\n• largeur de trait : 0.8 pt\n• style de cap : plat\n• style de jointure : angle droit\n• style de trait : ligne continue\nLigne simple\n• couleur : RGB 112,168,0 (70A800)\n• largeur de trait : 0.8 pt\n• style de trait : ligne continue;L;PSC-L_05-04_001;Ligne de symboles\n• intervalle : 7 pt\n\n    Symbole simple\n    • couleur de remplissage : transparent\n    • couleur de trait : RGB 112,168,0 (70A800)\n    • largeur de trait : 0.8 pt\n    • nom du symbole : square\n    • rotation : 45°\n    • style de jointure : angle droit\n    • style de trait : ligne continue\n    • taille : 4 pt;P;PSC-P_05-04_001;Symbole simple\n• couleur de remplissage : transparent\n• couleur de trait : RGB 112,168,0 (70A800)\n• largeur de trait : 0.8 pt\n• nom du symbole : square\n• style de trait : ligne continue\n• taille : 5 pt;05-04_001;symbole
05;04;002;Emplacement réservé aux espaces verts/continuités écologiques;S;PSC-S_05-04_002;Motif de lignes\n• espacement : 7 pt\n• rotation : 135°\n\nLigne simple\n• couleur : RGB 112,168,0 (70A800)\n• largeur de trait : 0.8 pt\n• style de cap : plat\n• style de jointure : angle droit\n• style de trait : ligne continue\nMotif de lignes\n• espacement : 7 pt\n• rotation : 45°\n\nLigne simple\n• couleur : RGB 112,168,0 (70A800)\n• largeur de trait : 0.8 pt\n• style de cap : plat\n• style de jointure : angle droit\n• style de trait : ligne continue\nLigne simple\n• couleur : RGB 112,168,0 (70A800)\n• largeur de trait : 0.8 pt\n• style de trait : ligne continue;;;;;;;05-04_002;alternatif
05;05;001;Emplacement réservé logement social/mixité sociale;S;PSC-S_05-05_001;Motif de lignes\n• espacement : 5 pt\n• rotation : 135°\n\nLigne simple\n• couleur : RGB 143,33,170 (8F21AA)\n• largeur de trait : 0.8 pt\n• style de cap : plat\n• style de jointure : angle droit\n• style de trait : ligne continue\nMotif de lignes\n• espacement : 5 pt\n• rotation : 45°\n\nLigne simple\n• couleur : RGB 143,33,170 (8F21AA)\n• largeur de trait : 0.8 pt\n• style de cap : plat\n• style de jointure : angle droit\n• style de trait : ligne continue\nLigne simple\n• couleur : RGB 143,33,170 (8F21AA)\n• largeur de trait : 0.8 pt\n• style de trait : ligne continue;L;PSC-L_05-05_001;Ligne de symboles\n• intervalle : 7 pt\n\n    Symbole simple\n    • couleur de remplissage : transparent\n    • couleur de trait : RGB 143,33,170 (8F21AA)\n    • largeur de trait : 0.8 pt\n    • nom du symbole : square\n    • rotation : 45°\n    • style de jointure : angle droit\n    • style de trait : ligne continue\n    • taille : 4 pt;P;PSC-P_05-05_001;Symbole simple\n• couleur de remplissage : transparent\n• couleur de trait : RGB 143,33,170 (8F21AA)\n• largeur de trait : 0.8 pt\n• nom du symbole : square\n• style de trait : ligne continue\n• taille : 5 pt;05-05_001;symbole
05;05;002;Emplacement réservé logement social/mixité sociale;S;PSC-S_05-05_002;Motif de lignes\n• espacement : 7 pt\n• rotation : 135°\n\nLigne simple\n• couleur : RGB 143,33,170 (8F21AA)\n• largeur de trait : 0.8 pt\n• style de cap : plat\n• style de jointure : angle droit\n• style de trait : ligne continue\nMotif de lignes\n• espacement : 7 pt\n• rotation : 45°\n\nLigne simple\n• couleur : RGB 143,33,170 (8F21AA)\n• largeur de trait : 0.8 pt\n• style de cap : plat\n• style de jointure : angle droit\n• style de trait : ligne continue\nLigne simple\n• couleur : RGB 143,33,170 (8F21AA)\n• largeur de trait : 0.8 pt\n• style de trait : ligne continue;;;;;;;05-05_002;alternatif
05;06;001;Servitude de localisation des voies, ouvrages publics, installations d’intérêt général et espaces verts en zone U ou AU;S;PSC-S_05-06_001;Motif de lignes\n• espacement : 5 pt\n• rotation : 135°\n\nLigne simple\n• couleur : RGB 52,52,52 (343434)\n• largeur de trait : 0.8 pt\n• style de cap : plat\n• style de jointure : angle droit\n• style de trait : ligne continue\nMotif de lignes\n• espacement : 5 pt\n• rotation : 45°\n\nLigne simple\n• couleur : RGB 52,52,52 (343434)\n• largeur de trait : 0.8 pt\n• style de cap : plat\n• style de jointure : angle droit\n• style de trait : ligne continue\nLigne simple\n• couleur : RGB 52,52,52 (343434)\n• largeur de trait : 0.8 pt\n• style de trait : ligne continue;L;PSC-L_05-06_001;Ligne de symboles\n• intervalle : 7 pt\n\n    Symbole simple\n    • couleur de remplissage : transparent\n    • couleur de trait : RGB 52,52,52 (343434)\n    • largeur de trait : 0.8 pt\n    • nom du symbole : square\n    • rotation : 45°\n    • style de jointure : angle droit\n    • style de trait : ligne continue\n    • taille : 4 pt;P;PSC-P_05-06_001;Symbole simple\n• couleur de remplissage : transparent\n• couleur de trait : RGB 52,52,52 (343434)\n• largeur de trait : 0.8 pt\n• nom du symbole : square\n• style de trait : ligne continue\n• taille : 5 pt;05-06_001;symbole
05;06;002;Servitude de localisation des voies, ouvrages publics, installations d’intérêt général et espaces verts en zone U ou AU;S;PSC-S_05-06_002;Motif de lignes\n• espacement : 7 pt\n• rotation : 135°\n\nLigne simple\n• couleur : RGB 52,52,52 (343434)\n• largeur de trait : 0.8 pt\n• style de cap : plat\n• style de jointure : angle droit\n• style de trait : ligne continue\nMotif de lignes\n• espacement : 7 pt\n• rotation : 45°\n\nLigne simple\n• couleur : RGB 52,52,52 (343434)\n• largeur de trait : 0.8 pt\n• style de cap : plat\n• style de jointure : angle droit\n• style de trait : ligne continue\nLigne simple\n• couleur : RGB 52,52,52 (343434)\n• largeur de trait : 0.8 pt\n• style de trait : ligne continue;;;;;;;05-06_002;alternatif
05;07;001;Secteur de projet en attente d’un projet d’aménagement global;S;PSC-S_05-07_001;Motif de points\n• distance horizontale : 12 pt\n• distance verticale : 12 pt\n\n    Symbole simple\n    • couleur de trait : RVB 255,85,0 (#ff5500)\n    • largeur de trait : 0.8 pt\n    • nom du symbole : cross\n    • style de trait : ligne continue\n    • taille : 6 pt\n\nLigne simple\n• couleur : RVB 255,85,0 (#ff5500)\n• largeur de trait : 0.8 pt\n• style de trait : ligne continue;;;;;;;05-07_001;symbole
05;08;001;Emplacements réservés à la relocalisation d’équipements, de constructions et d’installations exposés au recul du trait de côte;S;PSC-S_05-08_001;Motif de lignes\n• espacement : 5 pt\n• rotation : 135°\n\nLigne simple\n• couleur : RGB 0,112,255 (0070FF)\n• largeur de trait : 0.8 pt\n• style de cap : plat\n• style de jointure : angle droit\n• style de trait : ligne continue\nMotif de lignes\n• espacement : 5 pt\n• rotation : 45°\n\nLigne simple\n• couleur : RGB 0,112,255 (0070FF)\n• largeur de trait : 0.8 pt\n• style de cap : plat\n• style de jointure : angle droit\n• style de trait : ligne continue\nLigne simple\n• couleur : RGB 0,112,255 (0070FF)\n• largeur de trait : 0.8 pt\n• style de trait : ligne continue;L;PSC-L_05-08_001;Ligne de symboles\n• intervalle : 7 pt\n\n    Symbole simple\n    • couleur de remplissage : transparent\n    • couleur de trait : RGB 0,112,255 (0070FF)\n    • largeur de trait : 0.8 pt\n    • nom du symbole : square\n    • rotation : 45°\n    • style de jointure : angle droit\n    • style de trait : ligne continue\n    • taille : 4 pt;P;PSC-P_05-08_001;Symbole simple\n• couleur de remplissage : transparent\n• couleur de trait : RGB 0,112,255 (0070FF)\n• largeur de trait : 0.8 pt\n• nom du symbole : square\n• style de trait : ligne continue\n• taille : 5 pt;05-08_001;symbole
05;08;002;Emplacements réservés à la relocalisation d’équipements, de constructions et d’installations exposés au recul du trait de côte;S;PSC-S_05-08_002;Motif de lignes\n• espacement : 7 pt\n• rotation : 135°\n\nLigne simple\n• couleur : RGB 0,112,255 (0070FF)\n• largeur de trait : 0.8 pt\n• style de cap : plat\n• style de jointure : angle droit\n• style de trait : ligne continue\nMotif de lignes\n• espacement : 7 pt\n• rotation : 45°\n\nLigne simple\n• couleur : RGB 0,112,255 (0070FF)\n• largeur de trait : 0.8 pt\n• style de cap : plat\n• style de jointure : angle droit\n• style de trait : ligne continue\nLigne simple\n• couleur : RGB 0,112,255 (0070FF)\n• largeur de trait : 0.8 pt\n• style de trait : ligne continue;;;;;;;05-08_002;alternatif
07;00;001;Patrimoine bâti, paysager ou éléments de paysages à protéger pour des motifs d'ordre culturel, historique, architectural ou écologique;S;PSC-S_07-00_001;Motif de points  \n        • distance horizontale : 20 pt\n        • distance verticale : 20 pt\n            Symbole de police\n            • caractère(s) : unicode 234\n            • couleur de remplissage : RVB 56,168,0 (#38A800)\n            • famille de police : Wingdings 2\n            • taille : 10 pt\n        \n        • distance horizontale : 20 pt\n        • distance verticale : 20 pt\n            Symbole de police\n            • caractère(s) : unicode 234\n            • couleur de remplissage : RVB 115,0,0 (#730000)\n            • famille de police : Wingdings 2\n            • taille : 15 pt\n\nLigne simple\n• couleur : RVB 56,168,0 (#38A800)\n• largeur de trait : 0.8 pt\n• style de trait : tiret 5 5\n• décalage le long de la ligne : 0 pt\n\nLigne simple\n• couleur : RVB 115,0,0 (#730000)\n• largeur de trait : 0.8 pt\n• style de trait : tiret 5 5\n• décalage le long de la ligne : 5 pt;L;PSC-L_07-00_001;Ligne de symboles\n  • décalage le long de la ligne : 0 pt\n  • intervalle : 18 pt\n\n      Symbole de police\n      • caractère(s) : unicode 234\n      • couleur de remplissage : RVB 56,168,0 (#38A800)\n      • famille de police : Wingdings 2\n      • taille : 10 pt\n  \n      Symbole de police\n      • caractère(s) : unicode 234\n      • couleur de remplissage : RVB 115,0,0 (#730000)\n      • famille de police : Wingdings 2\n      • taille : 15 pt\n  \nLigne simple\n• couleur : RVB 56,168,0 (#38A800)\n• largeur de trait : 1 pt\n• style de trait : tiret 18 18\n• décalage le long de la ligne : 0 pt\n\nLigne simple\n• couleur : RVB 115,0,0 (#730000)\n• largeur de trait : 1 pt\n• style de trait : tiret 18 18\n• décalage le long de la ligne : 18 pt;P;PSC-P_07-00_001;Symbole de police\n• caractère(s) : unicode 234\n• couleur de remplissage : RVB 56,168,0 (#38A800)\n• famille de police : Wingdings 2\n• taille : 10 pt\n\nSymbole de police\n• caractère(s) : unicode 234\n• couleur de remplissage : RVB 115,0,0 (#730000)\n• famille de police : Wingdings 2\n• taille : 15 pt;07-00_001;symbole
07;01;001;Patrimoine bâti à protéger pour des motifs d'ordre culturel, historique, architectural;S;PSC-S_07-01_001;Motif de points\n• distance horizontale : 20 pt\n• distance verticale : 20 pt\n\n    Symbole de police\n    • caractère(s) : unicode 234\n    • couleur de remplissage : RVB 168,112,0 (#A87000)\n    • famille de police : Wingdings 2\n    • taille : 10 pt\n\n    Symbole de police\n    • caractère(s) : unicode 234\n    • couleur de remplissage : RVB 115,0,0 (#730000)\n    • famille de police : Wingdings 2\n    • taille : 15 pt\n\nLigne simple\n• couleur : RVB 115,0,0 (#730000)\n• largeur de trait : 0.8 pt\n• style de trait : ligne continue;L;PSC-L_07-01_001;Ligne de symboles\n• décalage le long de la ligne : 0 pt\n• intervalle : 18 pt\n\n    Symbole de police\n    • caractère(s) : unicode 234\n    • couleur de remplissage : RVB 168,112,0 (#A87000)\n    • famille de police : Wingdings 2\n    • taille : 10 pt\n\n    Symbole de police\n    • caractère(s) : unicode 234\n    • couleur de remplissage : RVB 115,0,0 (#730000)\n    • famille de police : Wingdings 2\n    • taille : 15 pt\n\nLigne simple\n• couleur : RVB 115,0,0 (#730000)\n• largeur de trait : 1 pt\n• style de trait : ligne continue;P;PSC-P_07-01_001;Symbole de police\n• caractère(s) : unicode 234\n• couleur de remplissage : RVB 168,112,0 (#A87000)\n• famille de police : Wingdings 2\n• taille : 10 pt\n\nSymbole de police\n• caractère(s) : unicode 234\n• couleur de remplissage : RVB 115,0,0 (#730000)\n• famille de police : Wingdings 2\n• taille : 15 pt;07-01_001;symbole
07;02;001;Patrimoine paysager à protéger pour des motifs d'ordre culturel, historique, architectural;S;PSC-S_07-02_001;Motif de points\n• distance horizontale : 20 pt\n• distance verticale : 20 pt\n\n    Symbole de police\n    • caractère(s) : unicode 234\n    • couleur de remplissage : RVB 168,168,0 (#A8A800)\n    • famille de police : Wingdings 2\n    • taille : 10 pt\n\n    Symbole de police\n    • caractère(s) : unicode 234\n    • couleur de remplissage : RVB 115,0,0 (#730000)\n    • famille de police : Wingdings 2\n    • taille : 15 pt\n\nLigne simple\n• couleur : RVB 115,0,0 (#730000)\n• largeur de trait : 0.8 pt\n• style de trait : ligne continue;L;PSC-L_07-02_001;Ligne de symboles\n• décalage le long de la ligne : 0 pt\n• intervalle : 18 pt\n\n    Symbole de police\n    • caractère(s) : unicode 234\n    • couleur de remplissage : RVB 168,168,0 (#A8A800)\n    • famille de police : Wingdings 2\n    • taille : 10 pt\n\n    Symbole de police\n    • caractère(s) : unicode 234\n    • couleur de remplissage : RVB 115,0,0 (#730000)\n    • famille de police : Wingdings 2\n    • taille : 15 pt\n\nLigne simple\n• couleur : RVB 115,0,0 (#730000)\n• largeur de trait : 1 pt\n• style de trait : ligne continue;P;PSC-P_07-02_001;Symbole de police\n• caractère(s) : unicode 234\n• couleur de remplissage : RVB 168,168,0 (#A8A800)\n• famille de police : Wingdings 2\n• taille : 10 pt\n\nSymbole de police\n• caractère(s) : unicode 234\n• couleur de remplissage : RVB 115,0,0 (#730000)\n• famille de police : Wingdings 2\n• taille : 15 pt;07-02_001;symbole
07;03;001;Patrimoine paysager correspondant à un espace boisé à protéger pour des motifs d'ordre culturel, historique, architectural;S;PSC-S_07-03_001;Motif de points\n• distance horizontale : 20 pt\n• distance verticale : 20 pt\n\n    Symbole de police\n    • caractère(s) : unicode 234\n    • couleur de remplissage : RVB 209,255,115 (#D1FF73)\n    • famille de police : Wingdings 2\n    • taille : 10 pt\n\n    Symbole de police\n    • caractère(s) : unicode 234\n    • couleur de remplissage : RVB 115,0,0 (#730000)\n    • famille de police : Wingdings 2\n    • taille : 15 pt\n\nLigne simple\n• couleur : RVB 115,0,0 (#730000)\n• largeur de trait : 0.8 pt\n• style de trait : ligne continue;L;PSC-L_07-03_001;Ligne de symboles\n• décalage le long de la ligne : 0 pt\n• intervalle : 18 pt\n\n    Symbole de police\n    • caractère(s) : unicode 234\n    • couleur de remplissage : RVB 209,255,115 (#D1FF73)\n    • famille de police : Wingdings 2\n    • taille : 10 pt\n\n    Symbole de police\n    • caractère(s) : unicode 234\n    • couleur de remplissage : RVB 115,0,0 (#730000)\n    • famille de police : Wingdings 2\n    • taille : 15 pt\n\nLigne simple\n• couleur : RVB 115,0,0 (#730000)\n• largeur de trait : 1 pt\n• style de trait : ligne continue;P;PSC-P_07-03_001;Symbole de police\n• caractère(s) : unicode 234\n• couleur de remplissage : RVB 209,255,115 (#D1FF73)\n• famille de police : Wingdings 2\n• taille : 10 pt\n\nSymbole de police\n• caractère(s) : unicode 234\n• couleur de remplissage : RVB 115,0,0 (#730000)\n• famille de police : Wingdings 2\n• taille : 15 pt;07-03_001;symbole
07;04;001;Éléments de paysage, (sites et secteurs) à préserver pour des motifs d'ordre écologique;S;PSC-S_07-04_001;Motif de points\n• distance horizontale : 20 pt\n• distance verticale : 20 pt\n\n    Symbole de police\n    • caractère(s) : unicode 234\n    • couleur de remplissage : RVB 168,168,0 (#A8A800)\n    • famille de police : Wingdings 2\n    • taille : 10 pt\n\n    Symbole de police\n    • caractère(s) : unicode 234\n    • couleur de remplissage : RVB 56,168,0 (#38A800)\n    • famille de police : Wingdings 2\n    • taille : 15 pt\n\nLigne simple\n• couleur : RVB 56,168,0 (#38A800)\n• largeur de trait : 0.8 pt\n• style de trait : ligne continue;L;PSC-L_07-04_001;Ligne de symboles\n• décalage le long de la ligne : 0 pt\n• intervalle : 18 pt\n\n    Symbole de police\n    • caractère(s) : unicode 234\n    • couleur de remplissage : RVB 168,168,0 (#A8A800)\n    • famille de police : Wingdings 2\n    • taille : 10 pt\n\n    Symbole de police\n    • caractère(s) : unicode 234\n    • couleur de remplissage : RVB 56,168,0 (#38A800)\n    • famille de police : Wingdings 2\n    • taille : 15 pt\n\nLigne simple\n• couleur : RVB 56,168,0 (#38A800)\n• largeur de trait : 1 pt\n• style de trait : ligne continue;P;PSC-P_07-04_001;Symbole de police\n• caractère(s) : unicode 234\n• couleur de remplissage : RVB 168,168,0 (#A8A800)\n• famille de police : Wingdings 2\n• taille : 10 pt\n\nSymbole de police\n• caractère(s) : unicode 234\n• couleur de remplissage : RVB 56,168,0 (#38A800)\n• famille de police : Wingdings 2\n• taille : 15 pt;07-04_001;symbole
07;05;001;Éléments de paysage correspondant à un espace boisé, (sites et secteurs) à préserver pour des motifs d'ordre écologique;S;PSC-S_07-05_001;Motif de points\n• distance horizontale : 20 pt\n• distance verticale : 20 pt\n\n    Symbole de police\n    • caractère(s) : unicode 234\n    • couleur de remplissage : RVB 209,255,115 (#D1FF73)\n    • famille de police : Wingdings 2\n    • taille : 10 pt\n\n    Symbole de police\n    • caractère(s) : unicode 234\n    • couleur de remplissage : RVB 56,168,0 (#38A800)\n    • famille de police : Wingdings 2\n    • taille : 15 pt\n\nLigne simple\n• couleur : RVB 56,168,0 (#38A800)\n• largeur de trait : 0.8 pt\n• style de trait : ligne continue;L;PSC-L_07-05_001;Ligne de symboles\n• décalage le long de la ligne : 0 pt\n• intervalle : 18 pt\n\n    Symbole de police\n    • caractère(s) : unicode 234\n    • couleur de remplissage : RVB 209,255,115 (#D1FF73)\n    • famille de police : Wingdings 2\n    • taille : 10 pt\n\n    Symbole de police\n    • caractère(s) : unicode 234\n    • couleur de remplissage : RVB 56,168,0 (#38A800)\n    • famille de police : Wingdings 2\n    • taille : 15 pt\n\nLigne simple\n• couleur : RVB 56,168,0 (#38A800)\n• largeur de trait : 1 pt\n• style de trait : ligne continue;P;PSC-P_07-05_001;Symbole de police\n• caractère(s) : unicode 234\n• couleur de remplissage : RVB 209,255,115 (#D1FF73)\n• famille de police : Wingdings 2\n• taille : 10 pt\n\nSymbole de police\n• caractère(s) : unicode 234\n• couleur de remplissage : RVB 56,168,0 (#38A800)\n• famille de police : Wingdings 2\n• taille : 15 pt;07-05_001;symbole
08;00;001;Terrain cultivé ou non bâti à protéger en zone urbaine;S;PSC-S_08-00_001;Motif de points\n• distance horizontale : 17 pt\n• distance verticale : 17 pt\n\n    Symbole de police\n    • caractère(s) : unicode 252\n    • couleur de remplissage : RVB 45,104,55 (#2d6837)\n    • famille de police : Wingdings\n    • taille : 13 pt\n\nLigne simple\n• couleur : RVB 45,104,55 (#2d6837)\n• largeur de trait : 0.8 pt\n• style de trait : ligne continue;;;;;;;08-00_001;symbole
13;00;001;Zone à aménager en vue de la pratique du ski;S;PSC-S_13-00_001;Motif de points\n• distance horizontale : 10 pt\n• distance verticale : 10 pt\n\n    Symbole simple\n    • couleur de remplissage : RVB 178,178,178 (#b2b2b2)\n    • nom du symbole : square\n    • taille : 5 pt\n\nLigne simple\n• couleur : RVB 178,178,178 (#b2b2b2)\n• largeur de trait : 0.8 pt\n• style de trait : ligne continue;;;;;;;13-00_001;symbole
14;00;001;Secteur de plan de masse;S;PSC-S_14-00_001;Motif de lignes\n• espacement : 10 pt\n\n    Ligne simple\n    • couleur : RVB 0,0,0 (#000000)\n    • largeur de trait : 1 pt\n    • style de trait : ligne continue\n\nLigne simple\n• couleur : RVB 0,0,0 (#000000)\n• largeur de trait : 0.8 pt\n• style de trait : ligne continue;;;;;;;14-00_001;symbole
15;00;001;Règles d’implantation des constructions;S;PSC-S_15-00_001;Motif de lignes\n• espacement : 17 pt\n\n    Ligne simple\n    • couleur : RVB 255,0,0 (#ff0000)\n    • largeur de trait : 0.8 pt\n    • style de trait : ligne continue\n\nMotif de points\n• distance horizontale : 17 pt\n• distance verticale : 17 pt\n\n    Symbole de police\n    • caractère(s) : V (unicode 86)\n    • couleur de remplissage : RVB 255,0,0 (#ff0000)\n    • famille de police : Arial\n    • point d'ancrage vertical : en dessous\n    • taille : 6 pt\n\nLigne simple\n• couleur : RVB 255,0,0 (#ff0000)\n• largeur de trait : 0.8 pt\n• style de trait : ligne continue;L;PSC-L_15-00_001;Ligne de symboles\n• décalage de la ligne : -2 pt\n• décalage le long de la ligne : 8 pt\n• intervalle : 11 pt\n\n    Symbole de police\n    • caractère(s) : V (unicode 86)\n    • couleur de remplissage : RVB 255,0,0 (#ff0000)\n    • famille de police : Arial\n    • style de jointure : angle droit\n    • taille : 6 pt\n\nLigne simple\n• couleur : RVB 255,0,0 (#ff0000)\n• largeur de trait : 0.8 pt\n• style de trait : ligne continue;P;PSC-P_15-00_001;Symbole Police\n• couleur de remplissage : RVB 255,0,0(#FF0000)\n• police  : Arial Basic Latin\n• unicode : 86\n• taille : 10 pt\n\nSymbole Police\n• couleur de remplissage : RVB 255,0,0(#FF0000)\n• police  : Arial Basic Latin\n• unicode : 95\n• taille : 10 pt\n• décalage Y : -3 pt\n\nSymbole simple\n• nom du symbole: circle\n• taille : 10 pt\n• couleur de remplissage : RVB 255,255,255(#FFFFFF)\n• transparence remplissage : 30%\n• taille contour : 0,5 pt\n• couleur de contour : RVB 255,0,0(#FF0000);15-00 à 98_001;symbole
15;01;001;Implantation des constructions par rapport aux voies et aux emprises publiques;S;PSC-S_15-01_001;;L;PSC-L_15-01_001;;P;PSC-P_15-01_001;;15-01_001;sous-code
15;02;001;Implantation des constructions par rapport aux limites séparatives latérales;S;PSC-S_15-02_001;;L;PSC-L_15-02_001;;P;PSC-P_15-02_001;;15-02_001;sous-code
15;03;001;Implantation des constructions par rapport aux limites des fonds de parcelles;S;PSC-S_15-03_001;;L;PSC-L_15-03_001;;P;PSC-P_15-03_001;;15-03_001;sous-code
15;98;001;Implantation alternative des constructions;S;PSC-S_15-98_001;;L;PSC-L_15-98_001;;P;PSC-P_15-98_001;;15-98_001;sous-code
16;00;001;Constructions et installations nécessaires à des équipements collectifs en zone A ou N;S;PSC-S_16-00_001;Motif de points\n• distance horizontale : 15 pt\n• distance verticale : 15 pt\n\n    Symbole de police\n    • caractère(s) : unicode 158\n    • couleur de remplissage : RVB 230,195,0 (#e6c300)\n    • famille de police : Wingdings 2\n    • taille : 10 pt\n\nLigne simple\n• couleur : RVB 230,195,0 (#e6c300)\n• largeur de trait : 0.8 pt\n• style de trait : ligne continue;;;;P;PSC-P_16-00_001;Symbole de police\n• caractère(s) : unicode 158\n• couleur de remplissage : RVB 230,195,0 (#e6c300)\n• famille de police : Wingdings 2\n• taille : 10 pt;16-00 à 02 & 04 à 05_001;symbole
16;01;001;Bâtiment susceptible de changer de destination en zone A ou N;S;PSC-S_16-01_001;;;;;P;PSC-P_16-01_001;;16-01_001;sous-code
16;02;001;Bâtiments d’habitation existants pouvant faire l’objet d’extensions ou d’annexes en zone A ou N;S;PSC-S_16-02_001;;;;;P;PSC-P_16-02_001;;16-02_001;sous-code
16;03;001;Secteur de taille et de capacité d’accueil limitées (STECAL) en zone A ou N;S;PSC-S_16-03_001;Motif de points\n• distance horizontale : 15 pt\n• distance verticale : 15 pt\n\n    Symbole de police\n    • caractère(s) : unicode 158\n    • couleur de remplissage : RVB 245,122,122 (#f57a7a)\n    • famille de police : Wingdings 2\n    • taille : 10 pt\n\nLigne simple\n• couleur : RVB 245,122,122 (#f57a7a)\n• largeur de trait : 0.8 pt\n• style de trait : ligne continue;;;;P;PSC-P_16-03_001;Symbole de police\n• caractère(s) : unicode 158\n• couleur de remplissage : RVB 245,122,122 (#f57a7a)\n• famille de police : Wingdings 2\n• taille : 10 pt;16-03_001;symbole
16;04;001;Constructions et installations nécessaires à l’activité agricole en zone A ou N;S;PSC-S_16-04_001;;;;;P;PSC-P_16-04_001;;16-04_001;sous-code
16;05;001;Diversification de l'activité agricole : transformation, conditionnement et ventes de produits agricoles (activités liées au tourisme exclues);S;PSC-S_16-05_001;;;;;P;PSC-P_16-05_001;;16-05_001;sous-code
17;00;001;Secteur à programme de logements mixité sociale en zone U et AU;S;PSC-S_17-00_001;Motif de points\n• distance horizontale : 24 pt\n• distance verticale : 24 pt\n\n    Symbole de police\n    • caractère(s) : unicode 122\n    • couleur de remplissage : RVB 143,33,170 (#8f21aa)\n    • famille de police : Wingdings 3\n    • taille : 8 pt\n\n    Symbole de police\n    • caractère(s) : unicode 99\n    • couleur de remplissage : RVB 143,33,170 (#8f21aa)\n    • famille de police : Webdings\n    • taille : 6 pt\n\n• décalage horizontal : 12 pt\n• décalage vertical : 12 pt\n• distance horizontale : 24 pt\n• distance verticale : 24 pt\n\n    Symbole de police\n    • caractère(s) : unicode 122\n    • couleur de remplissage : RVB 143,33,170 (#8f21aa)\n    • famille de police : Wingdings 3\n    • taille : 8 pt\n\n    Symbole de police\n    • caractère(s) : unicode 99\n    • couleur de remplissage : RVB 143,33,170 (#8f21aa)\n    • famille de police : Webdings\n    • taille : 6 pt\n\nLigne simple\n• couleur : RVB 143,33,170 (#8f21aa)\n• largeur de trait : 0.8 pt\n• style de trait : ligne continue;;;;;;;17-00_001;symbole
18;00;001;Périmètre comportant des orientations d’aménagement et de programmation (OAP);S;PSC-S_18-00_001;Motif de lignes\n• espacement : 9 pt\n• rotation : 90°\n\n    Ligne simple\n    • couleur : RVB 255,85,0 (#ff5500)\n    • largeur de trait : 0.8 pt\n    • style de trait : ligne continue\n\nLigne simple\n• couleur : RVB 255,85,0 (#ff5500)\n• largeur de trait : 0.8 pt\n• style de trait : ligne continue;;;;;;;18-00 à 16_001;symbole
18;01;001;OAP de projet (sans règlement);S;PSC-S_18-01_001;;;;;;;;18-01_001;sous-code
18;02;001;OAP entrées de ville;S;PSC-S_18-02_001;;;;;;;;18-02_001;sous-code
18;03;001;OAP relatives à la réhabilitation, la restructuration, la mise en valeur ou l’aménagement;S;PSC-S_18-03_001;;;;;;;;18-03_001;sous-code
18;04;001;OAP d’adaptation des périmètres de transports collectifs;S;PSC-S_18-04_001;;;;;;;;18-04_001;sous-code
18;05;001;OAP patrimoniales, architecturales et écologiques;S;PSC-S_18-05_001;;;;;;;;18-05_001;sous-code
18;06;001;OAP relatives à l’habitat;S;PSC-S_18-06_001;;;;;;;;18-06_001;sous-code
18;07;001;OAP comprenant des dispositions relatives à l'équipement commercial et artisanal;S;PSC-S_18-07_001;;;;;;;;18-07_001;sous-code
18;08;001;OAP relatives aux transports et aux déplacements;S;PSC-S_18-08_001;;;;;;;;18-08_001;sous-code
18;09;001;OAP relatives aux espaces publics en zone d’aménagement concerté;S;PSC-S_18-09_001;;;;;;;;18-09_001;sous-code
18;10;001;OAP relatives aux ouvrages publics, installations d’intérêt général et espaces verts en zone d’aménagement concerté;S;PSC-S_18-10_001;;;;;;;;18-10_001;sous-code
18;11;001;OAP valant création de zone d’aménagement concerté;S;PSC-S_18-11_001;;;;;;;;18-11_001;sous-code
18;12;001;OAP secteurs de renaturation;S;PSC-S_18-12_001;;;;;;;;18-12_001;sous-code
18;13;001;OAP relatives à la protection des franges urbaines et rurales;S;PSC-S_18-13_001;;;;;;;;18-13_001;sous-code
18;14;001;OAP recul du trait de côte;S;PSC-S_18-14_001;;;;;;;;18-14_001;sous-code
18;15;001;OAP trames vertes et bleues;S;PSC-S_18-15_001;;;;;;;;18-15_001;sous-code
18;16;001;OAP zone d’accélération de la production d’énergies renouvelables;S;PSC-S_18-16_001;;;;;;;;18-16_001;sous-code
19;00;001;Secteur protégé en raison de la richesse du sol et du sous-sol;S;PSC-S_19-00_001;Motif de points\n• distance horizontale : 19 pt\n• distance verticale : 19 pt\n\n    Symbole de police\n    • caractère(s) : unicode 176\n    • couleur de remplissage : RVB 137,68,68 (#894444)\n    • famille de police : Wingdings 2\n    • taille : 12 pt\n\nLigne simple\n• couleur : RVB 137,68,68 (#894444)\n• largeur de trait : 0.8 pt\n• style de trait : ligne continue;;;;;;;19-00_001;symbole
20;00;001;Secteur à transfert de constructibilité en zone N;S;PSC-S_20-00_001;Motif de points\n• distance horizontale : 13 pt\n• distance verticale : 13 pt\n\n    Symbole simple\n    • couleur de remplissage : RVB 38,140,0 (#268c00)\n    • couleur de trait : RVB 38,140,0 (#268c00)\n    • largeur de trait : 0.8 pt\n    • nom du symbole : circle\n    • style de trait : ligne continue\n    • taille : 2 pt\n\nLigne simple\n• couleur : RVB 38,140,0 (#268c00)\n• largeur de trait : 0.8 pt\n• style de trait : ligne continue;;;;;;;20-00_001;symbole
22;00;001;Diversité commerciale à protéger ou à développer;S;PSC-S_22-00_001;Motif de points\n• distance horizontale : 10 pt\n• distance verticale : 10 pt\n\n    Symbole simple\n    • couleur de trait : RVB 130,130,130 (#828282)\n    • largeur de trait : 0.8 pt\n    • nom du symbole : cross2\n    • style de trait : ligne continue\n    • taille : 4 pt\n\nLigne simple\n• couleur : RVB 130,130,130 (#828282)\n• largeur de trait : 0.8 pt\n• style de trait : ligne continue;L;PSC-L_22-00_001;Ligne de symboles\n• intervalle : 8 pt\n\n    Symbole simple\n    • couleur de trait : RVB 130,130,130 (#828282)\n    • largeur de trait : 0.8 pt\n    • nom du symbole : cross2\n    • style de jointure : angle droit\n    • style de trait : ligne continue\n    • taille : 4 pt;P;PSC-P_22-00_001;Symbole simple\n• couleur de trait : RVB 130,130,130 (#828282)\n• largeur de trait : 0.8 pt\n• nom du symbole : cross2\n• style de trait : ligne continue\n• taille : 6 pt;22-00 à 04_001;symbole
22;01;001;Diversité commerciale à protéger;S;PSC-S_22-01_001;;L;PSC-L_22-01_001;;P;PSC-P_22-01_001;;22-01_001;sous-code
22;02;001;Diversité commerciale à développer;S;PSC-S_22-02_001;;L;PSC-L_22-02_001;;P;PSC-P_22-02_001;;22-02_001;sous-code
22;03;001;Linéaire commercial protégé;S;PSC-S_22-03_001;;L;PSC-L_22-03_001;;P;PSC-P_22-03_001;;22-03_001;sous-code
22;04;001;Linéaire commercial protégé renforcé;S;PSC-S_22-04_001;;L;PSC-L_22-04_001;;P;PSC-P_22-04_001;;22-04_001;sous-code
23;00;001;Secteur avec taille minimale des logements en zone U et AU;S;PSC-S_23-00_001;Motif de points\n• distance horizontale : 8 pt\n• distance verticale : 8 pt\n\n    Symbole simple\n    • couleur de remplissage : RVB 255,170,0 (#ffaa00)\n    • nom du symbole : circle\n    • taille : 1.5 pt\n\nLigne simple\n• couleur : RVB 255,170,0 (#ffaa00)\n• largeur de trait : 0.8 pt\n• style de trait : ligne continue;;;;;;;23-00_001;symbole
24;00;001;Voies, chemins, transport public à conserver et à créer;S;PSC-S_24-00_001;Ligne hachurée\n• intervalle : 5.5 pt\n• longueur de hachure : 2.5 pt\n\n    Ligne simple\n    • couleur : RVB 0,0,0 (#000000)\n    • largeur de trait : 1 pt\n    • style de cap : plat\n    • style de jointure : angle droit\n    • style de trait : ligne continue;L;PSC-L_24-00_001;Ligne hachurée\n• intervalle : 4 pt\n• longueur de hachure : 2.5 pt\n\n    Ligne simple\n    • couleur : RVB 0,0,0 (#000000)\n    • largeur de trait : 1 pt\n    • style de cap : plat\n    • style de jointure : angle droit\n    • style de trait : ligne continue;;;;24-00 à 04_001;symbole
24;01;001;Voies de circulation à créer, modifier ou conserver;S;PSC-S_24-01_001;;L;PSC-L_24-01_001;;;;;24-01_001;sous-code
24;02;001;Voies de circulation à modifier;S;PSC-S_24-02_001;;L;PSC-L_24-02_001;;;;;24-02_001;sous-code
24;03;001;Voies de circulation à créer;S;PSC-S_24-03_001;;L;PSC-L_24-03_001;;;;;24-03_001;sous-code
24;04;001;Voies de circulation à conserver;S;PSC-S_24-04_001;;L;PSC-L_24-04_001;;;;;24-04_001;sous-code
25;00;001;Eléments de continuité écologique et trame verte et bleue;S;PSC-S_25-00_001;Ligne hachurée\n• décalage de la ligne : 3 pt\n• intervalle : 13 pt\n• longueur de hachure : 6 pt\n\n    Ligne simple\n    • couleur : RVB 0,77,168 (#004da8)\n    • largeur de trait : 1 pt\n    • style de cap : plat\n    • style de jointure : angle droit\n    • style de trait : ligne continue\n\nLigne simple\n• couleur : RVB 0,77,168 (#004da8)\n• largeur de trait : 1 pt\n• style de trait : ligne continue;L;PSC-L_25-00_001;Ligne hachurée\n• décalage de la ligne : 3 pt\n• décalage le long de la ligne : 12.5 pt\n• intervalle : 13 pt\n• longueur de hachure : 6 pt\n\n    Ligne simple\n    • couleur : RVB 0,77,168 (#004da8)\n    • largeur de trait : 1 pt\n    • style de cap : plat\n    • style de jointure : angle droit\n    • style de trait : ligne continue\n\nLigne simple\n• couleur : RVB 0,77,168 (#004da8)\n• largeur de trait : 1 pt\n• style de trait : ligne continue;P;PSC-P_25-00_001;Symbole de police\n• caractère(s) : R (unicode 82)\n• couleur de remplissage : RVB 0,77,168 (#004da8)\n• famille de police : Wingdings\n• taille : 18 pt;25-00_001;symbole
26;00;001;Secteur de performance énergétique;S;PSC-S_26-00_001;Motif de points\n• distance horizontale : 11 pt\n• distance verticale : 11 pt\n\n    Symbole simple\n    • couleur de trait : RVB 38,140,0 (#268c00)\n    • largeur de trait : 0.8 pt\n    • nom du symbole : cross\n    • style de trait : ligne continue\n    • taille : 5 pt\n\nLigne simple\n• couleur : RVB 38,140,0 (#268c00)\n• largeur de trait : 0.8 pt\n• style de trait : ligne continue;;;;;;;26-00 à 01_001;symbole
26;01;001;Secteur de performance énergétique renforcé;S;PSC-S_26-01_001;;;;;;;;26-01_001;sous-code
27;00;001;Secteur d’aménagement numérique;S;PSC-S_27-00_001;Ligne simple\n• couleur : RVB 137,90,68 (#895a44)\n• largeur de trait : 2 pt\n• style de trait : ligne continue;;;;;;;27-00_001;symbole
28;00;001;Conditions de desserte;S;PSC-S_28-00_001;Motif de points\n• distance horizontale : 9 pt\n• distance verticale : 9 pt\n\n    Symbole simple\n    • couleur de remplissage : RVB 223,153,255 (#df99ff)\n    • nom du symbole : square\n    • taille : 3 pt\n\nLigne simple\n• couleur : RVB 223,153,255 (#df99ff)\n• largeur de trait : 0.8 pt\n• style de trait : ligne continue;L;PSC-L_28-00_001;Ligne de symboles\n• décalage le long de la ligne : 9 pt\n• intervalle : 12 pt\n\n    Symbole simple\n    • couleur de remplissage : RVB 223,153,255 (#df99ff)\n    • nom du symbole : square\n    • taille : 3 pt\n\nLigne simple\n• couleur : RVB 223,153,255 (#df99ff)\n• largeur de trait : 1 pt\n• modèle de tiret personnalisé (tiret | espace) : 6|6 pt;P;PSC-P_28-00_001;Symbole simple\n• couleur de remplissage : RVB 223,153,255 (#df99ff)\n• nom du symbole : square\n• taille : 5 pt;28-00 à 01_001;symbole
28;01;001;Conditions permettant une bonne desserte des terrains par les services publics de collecte des déchets;S;PSC-S_28-01_001;;L;PSC-L_28-01_001;;P;PSC-P_28-01_001;;28-01_001;sous-code
29;00;001;Secteur avec densité minimale de construction;S;PSC-S_29-00_001;Motif de points\n• distance horizontale : 2 pt\n• distance verticale : 2 pt\n\n    Symbole simple\n    • couleur de remplissage : RVB 0,197,255 (#00c5ff)\n    • nom du symbole : circle\n    • taille : 1 pt\n\nLigne simple\n• couleur : RVB 0,197,255 (#00c5ff)\n• largeur de trait : 0.8 pt\n• style de trait : ligne continue;;;;;;;29-00 à 02_001;symbole
29;01;001;Secteur avec densité minimale de construction à proximité des transports collectifs;S;PSC-S_29-01_001;;;;;;;;29-01_001;sous-code
29;02;001;Secteur de ZAC avec densité minimale de construction;S;PSC-S_29-02_001;;;;;;;;29-02_001;sous-code
30;00;001;Majoration des volumes constructibles;S;PSC-S_30-00_001;Motif de points\n• décalage horizontal : 5 pt\n• décalage vertical : 5 pt\n• distance horizontale : 30 pt\n• distance verticale : 30 pt\n\n    Symbole simple\n    • couleur de remplissage : RVB 230,0,0 (#e60000)\n    • nom du symbole : square\n    • taille : 6 pt\n\nLigne simple\n• couleur : RVB 230,0,0 (#e60000)\n• largeur de trait : 0.8 pt\n• style de trait : ligne continue;;;;;;;30-00 à 04_001;symbole
30;01;001;Majoration des volumes constructibles pour l’habitation;S;PSC-S_30-01_001;;;;;;;;30-01_001;sous-code
30;02;001;Majoration des volumes constructibles pour les programmes comportant des logements locatifs sociaux;S;PSC-S_30-02_001;;;;;;;;30-02_001;sous-code
30;03;001;Majoration des volumes constructibles pour exemplarité énergétique ou environnementale;S;PSC-S_30-03_001;;;;;;;;30-03_001;sous-code
30;04;001;Majoration des volumes constructibles pour les programmes comportant des logements intermédiaires;S;PSC-S_30-04_001;;;;;;;;30-04_001;sous-code
31;00;001;Espaces remarquables du littoral;S;PSC-S_31-00_001;Motif de points\n• distance horizontale : 30 pt\n• distance verticale : 30 pt\n\n    Symbole de police\n    • caractère(s) : unicode 194\n    • couleur de remplissage : RVB 0,77,168 (#004da8)\n    • famille de police : Wingdings 2\n    • taille : 11 pt\n\nLigne simple\n• couleur : RVB 0,77,168 (#004da8)\n• largeur de trait : 0.8 pt\n• style de trait : ligne continue;L;PSC-L_31-00_001;Ligne de symboles\n• décalage le long de la ligne : 9 pt\n• intervalle : 12 pt\n\n    Symbole de police\n    • caractère(s) : unicode 194\n    • couleur de remplissage : RVB 0,77,168 (#004da8)\n    • famille de police : Wingdings 2\n    • taille : 9 pt\n\nLigne simple\n• couleur : RVB 0,77,168 (#004da8)\n• largeur de trait : 1 pt\n• modèle de tiret personnalisé (tiret | espace) : 6|6 pt;P;PSC-P_31-00_001;Symbole de police\n• caractère(s) : unicode 194\n• couleur de remplissage : RVB 0,77,168 (#004da8)\n• famille de police : Wingdings 2\n• taille : 9 pt;31-00 à 08_001;symbole
31;01;001;Dunes, landes côtières, plages et lidos, estrans, falaises et abords;S;PSC-S_31-01_001;;L;PSC-L_31-01_001;;P;PSC-P_31-01_001;;31-01_001;sous-code
31;02;001;Forêts et zones boisées proches du rivage de la mer et des plans d’eau intérieurs d’une superficie supérieure à 1 000 hectares;S;PSC-S_31-02_001;;L;PSC-L_31-02_001;;P;PSC-P_31-02_001;;31-02_001;sous-code
31;03;001;Ilots inhabités;S;PSC-S_31-03_001;;L;PSC-L_31-03_001;;P;PSC-P_31-03_001;;31-03_001;sous-code
31;04;001;Parties naturelles des estuaires, des rias ou abers et des caps;S;PSC-S_31-04_001;;L;PSC-L_31-04_001;;P;PSC-P_31-04_001;;31-04_001;sous-code
31;05;001;Marais, vasières, tourbières, plans d'eau, les zones humides et milieux temporairement immergés;S;PSC-S_31-05_001;;L;PSC-L_31-05_001;;P;PSC-P_31-05_001;;31-05_001;sous-code
31;06;001;Milieux abritant des concentrations naturelles d'espèces animales ou végétales;S;PSC-S_31-06_001;;L;PSC-L_31-06_001;;P;PSC-P_31-06_001;;31-06_001;sous-code
31;07;001;Parties naturelles des sites inscrits ou classés;S;PSC-S_31-07_001;;L;PSC-L_31-07_001;;P;PSC-P_31-07_001;;31-07_001;sous-code
31;08;001;Formations géologiques;S;PSC-S_31-08_001;;L;PSC-L_31-08_001;;P;PSC-P_31-08_001;;31-08_001;sous-code
32;00;001;Exclusion protection de plans d’eau de faible importance;S;PSC-S_32-00_001;Motif de lignes\n• espacement : 15 pt\n• rotation : 135°\n\n    Ligne simple\n    • couleur : RVB 0,0,255 (#0000ff)\n    • largeur de trait : 0.8 pt\n    • style de jointure : angle droit\n    • style de trait : ligne continue\n\nMotif de lignes\n• espacement : 15 pt\n• rotation : 45°\n\n    Ligne simple\n    • couleur : RVB 0,0,255 (#0000ff)\n    • largeur de trait : 0.8 pt\n    • style de cap : plat\n    • style de jointure : angle droit\n    • style de trait : ligne continue\n\nLigne simple\n• couleur : RVB 0,0,255 (#0000ff)\n• largeur de trait : 0.8 pt\n• style de trait : ligne continue;;;;;;;32-00_001;symbole
33;00;001;Secteur de dérogation aux protections des rives des plans d'eau en zone de montagne;S;PSC-S_33-00_001;Motif de points\n• distance horizontale : 30 pt\n• distance verticale : 30 pt\n\n    Symbole de police\n    • caractère(s) : unicode 178\n    • couleur de remplissage : RVB 0,138,140 (#008a8c)\n    • famille de police : Wingdings 2\n    • taille : 11 pt\n\nLigne simple\n• couleur : RVB 0,138,140 (#008a8c)\n• largeur de trait : 0.8 pt\n• style de trait : ligne continue;L;PSC-L_33-00_001;Ligne de symboles\n• décalage le long de la ligne : 9 pt\n• intervalle : 12 pt\n\n    Symbole de police\n    • caractère(s) : unicode 178\n    • couleur de remplissage : RVB 0,138,140 (#008a8c)\n    • famille de police : Wingdings 2\n    • taille : 9 pt\n\nLigne simple\n• couleur : RVB 0,138,140 (#008a8c)\n• largeur de trait : 1 pt\n• modèle de tiret personnalisé (tiret | espace) : 6|6 pt;;;;33-00_001;symbole
34;00;001;Espaces, paysage et milieux caractéristiques du patrimoine naturel et culturel montagnard à préserver;S;PSC-S_34-00_001;Motif de points\n• distance horizontale : 30 pt\n• distance verticale : 30 pt\n\n    Symbole de police\n    • caractère(s) : unicode 240\n    • couleur de remplissage : RVB 57,216,129 (#39d881)\n    • décalage (en x, en y) : 5,0 pt\n    • famille de police : Wingdings 2\n    • taille : 16 pt\n\nLigne simple\n• couleur : RVB 57,216,129 (#39d881)\n• largeur de trait : 0.8 pt\n• style de trait : ligne continue;L;PSC-L_34-00_001;Ligne de symboles\n• décalage le long de la ligne : 9 pt\n• intervalle : 12 pt\n\n    Symbole de police\n    • caractère(s) : unicode 240\n    • couleur de remplissage : RVB 57,216,129 (#39d881)\n    • famille de police : Wingdings 2\n    • taille : 11 pt\n\nLigne simple\n• couleur : RVB 57,216,129 (#39d881)\n• largeur de trait : 1 pt\n• modèle de tiret personnalisé (tiret | espace) : 6|6 pt;P;PSC-P_34-00_001;Symbole de police\n• caractère(s) : unicode 240\n• couleur de remplissage : RVB 57,216,129 (#39d881)\n• famille de police : Wingdings 2\n• taille : 16 pt;34-00_001;symbole
35;00;001;Terres nécessaires au maintien et au développement des activités agricoles, pastorales et forestières à préserver;S;PSC-S_35-00_001;Motif de points\n• décalage horizontal : 5 pt\n• distance horizontale : 17 pt\n• distance verticale : 17 pt\n\n    Symbole de police\n    • caractère(s) : unicode 237\n    • couleur de remplissage : RVB 57,216,119 (#39d877)\n    • famille de police : Webdings\n    • taille : 10 pt\n\nLigne simple\n• couleur : RVB 57,216,119 (#39d877)\n• largeur de trait : 0.8 pt\n• style de trait : ligne continue;L;PSC-L_35-00_001;Ligne de symboles\n• décalage de la ligne : -2 pt\n• décalage le long de la ligne : 9 pt\n• intervalle : 12 pt\n\n    Symbole de police\n    • caractère(s) : unicode 237\n    • couleur de remplissage : RVB 57,216,129 (#39d881)\n    • famille de police : Webdings\n    • point d'ancrage vertical : en dessous\n    • taille : 10 pt\n\nLigne simple\n• couleur : RVB 57,216,129 (#39d881)\n• largeur de trait : 1 pt\n• style de trait : ligne continue;;;;35-00_001;symbole
36;00;001;Mixité des destinations ou sous-destinations;S;PSC-S_36-00_001;Motif de points\n• distance horizontale : 10 pt\n• distance verticale : 10 pt\n\n    Symbole simple\n    • couleur de remplissage : RVB 144,112,76 (#90704c)\n    • nom du symbole : circle\n    • taille : 4.5 pt\n\nLigne simple\n• couleur : RVB 144,112,76 (#90704c)\n• largeur de trait : 0.8 pt\n• style de trait : ligne continue;;;;;;;36-00_001;symbole
37;00;001;Règles différenciées entre le rez-de-chaussée et les étages supérieurs des constructions;S;PSC-S_37-00_001;Motif de points\n• distance horizontale : 8 pt\n• distance verticale : 20 pt\n\n    Symbole de police\n    • caractère(s) : (unicode 103)\n    • couleur de remplissage : RVB 255,101,101 (#ff6565)\n    • famille de police : Webdings\n    • taille : 5 pt\n    • décalage Y : 2,5 pt\n    Symbole de police\n    • caractère(s) : (unicode 99)\n    • couleur de remplissage : RVB 255,101,101 (#ff6565)\n    • famille de police : Webdings\n    • taille : 5 pt\n    • décalage Y : 2,5 pt\n\nLigne simple\n• couleur : RVB 255,101,101 (#ff6565)\n• largeur de trait : 0.8 pt\n• style de trait : ligne continue;L;PSC-L_37-00_001;Ligne de symboles\n• intervalle : 8 pt\n\nSymbole Police\n• couleur de remplissage : RVB 255,101,101(#FF6565)\n• Police : Webdings\n• Unicolde : 103\n• taille : 5 pt\n• décalage Y : 2,5 pt\nSymbole Police\n• couleur de remplissage : RVB 255,101,101(#FF6565)\n• Police : Webdings\n• Unicolde : 99\n• taille : 5 pt\n• décalage Y : -2,5 pt;;;;37-00 à 02_001;symbole
37;01;001;Règles différenciées pour le rez-de-chaussée en raison des risques inondations;S;PSC-S_37-01_001;;L;PSC-L_37-01_001;;;;;37-01_001;sous-code
37;02;001;Règles différenciées pour mixité sociale et fonctionnelle;S;PSC-S_37-02_001;;L;PSC-L_37-02_001;;;;;37-02_001;sous-code
38;00;001;Emprise au sol;S;PSC-S_38-00_001;Motif de points\n• distance horizontale : 13 pt\n• distance verticale : 13 pt\n\n    Symbole de police\n    • caractère(s) : unicode 191\n    • couleur de remplissage : RVB 138,77,211 (#8a4dd3)\n    • famille de police : Wingdings 2\n    • taille : 17 pt\n\nLigne simple\n• couleur : RVB 138,77,211 (#8a4dd3)\n• largeur de trait : 0.8 pt\n• style de trait : ligne continue;;;;;;;38-00- à 98_001;symbole
38;01;001;Emprise au sol minimale;S;PSC-S_38-01_001;;;;;;;;38-01_001;sous-code
38;02;001;Emprise au sol maximale;S;PSC-S_38-02_001;;;;;;;;38-02_001;sous-code
38;97;001;Emprise au sol règles qualitatives;S;PSC-S_38-97_001;;;;;;;;38-97_001;sous-code
38;98;001;Emprise au sol règles alternatives;S;PSC-S_38-98_001;;;;;;;;38-98_001;sous-code
39;00;001;Hauteur;S;PSC-S_39-00_001;Motif de points\n• distance horizontale : 21 pt\n• distance verticale : 26 pt\n\n    Symbole de police\n    • caractère(s) : unicode 177\n    • couleur de remplissage : RVB 138,77,211 (#8a4dd3)\n    • famille de police : Wingdings 3\n    • rotation : 90°\n    • taille : 18 pt\n\nLigne simple\n• couleur : RVB 138,77,211 (#8a4dd3)\n• largeur de trait : 0.8 pt\n• style de trait : ligne continue;L;PSC-L_39-00_001;Ligne de symboles\n• intervalle : 9 pt\n\nSymbole Police\n• couleur de remplissage : RVB 138,77,211(#8A4DD3)\n• Police : Wingdings 3\n• Unicolde : 177\n• angle: 270°\n• taille : 18 pt;P;PSC-P_39-00_001;Symbole Police\n• couleur de remplissage : RVB 138,77,211(#8A4DD3)\n• Police : Wingdings 3\n• Unicolde : 177\n• angle: 270°\n• taille : 18 pt;39-00 à 98_001;symbole
39;01;001;Hauteur minimale;S;PSC-S_39-01_001;;L;PSC-L_39-01_001;;P;PSC-P_39-01_001;;39-01_001;sous-code
39;02;001;Hauteur maximale;S;PSC-S_39-02_001;;L;PSC-L_39-02_001;;P;PSC-P_39-02_001;;39-02_001;sous-code
39;97;001;Hauteur règles qualitatives;S;PSC-S_39-97_001;;L;PSC-L_39-97_001;;P;PSC-P_39-97_001;;39-97_001;sous-code
39;98;001;Hauteur règles alternatives;S;PSC-S_39-98_001;;L;PSC-L_39-98_001;;P;PSC-P_39-98_001;;39-98_001;sous-code
40;00;001;Volumétrie;S;PSC-S_40-00_001;Motif de points\n• distance horizontale : 27 pt\n• distance verticale : 31 pt\n\n    Symbole de police\n    • caractère(s) : unicode 135\n    • couleur de remplissage : RVB 138,77,211 (#8a4dd3)\n    • famille de police : Wingdings 3\n    • taille : 15 pt\n\nLigne simple\n• couleur : RVB 138,77,211 (#8a4dd3)\n• largeur de trait : 0.8 pt\n• style de trait : ligne continue;L;PSC-L_40-00_001;Ligne de symboles\n• intervalle : 15 pt\n\nSymbole Police\n• couleur de remplissage : RVB 138,77,211(#8A4DD3)\n• Police : Wingdings 3\n• Unicolde : 135\n• taille : 18 pt;P;PSC-P_40-00_001;Symbole Police\n• couleur de remplissage : RVB 138,77,211(#8A4DD3)\n• Police : Wingdings 3\n• Unicolde : 135\n• taille : 18 pt;40-00 à 98_001;symbole
40;01;001;Volumétrie minimale;S;PSC-S_40-01_001;;L;PSC-L_40-01_001;;P;PSC-P_40-01_001;;40-01_001;sous-code
40;02;001;Volumétrie maximale;S;PSC-S_40-02_001;;L;PSC-L_40-02_001;;P;PSC-P_40-02_001;;40-02_001;sous-code
40;97;001;Règles volumétriques qualitatives;S;PSC-S_40-97_001;;L;PSC-L_40-97_001;;P;PSC-P_40-97_001;;40-97_001;sous-code
40;98;001;Règles volumétriques alternatives;S;PSC-S_40-98_001;;L;PSC-L_40-98_001;;P;PSC-P_40-98_001;;40-98_001;sous-code
41;00;001;Aspect extérieur;S;PSC-S_41-00_001;Motif de points\n• distance horizontale : 10 pt\n• distance verticale : 11 pt\n\n    Symbole de police\n    • caractère(s) : p (unicode 112)\n    • couleur de remplissage : RVB 253,191,111 (#fdbf6f)\n    • famille de police : Wingdings 3\n    • taille : 9 pt\n\nLigne simple\n• couleur : RVB 253,191,111 (#fdbf6f)\n• largeur de trait : 0.8 pt\n• style de trait : ligne continue;L;PSC-L_41-00_001;Ligne de symboles\n• décalage le long de la ligne : 9 pt\n• intervalle : 12 pt\n\n    Symbole de police\n    • caractère(s) : p (unicode 112)\n    • couleur de remplissage : RVB 253,191,111 (#fdbf6f)\n    • famille de police : Wingdings 3\n    • point d'ancrage vertical : en dessous\n    • taille : 9 pt\n\nLigne simple\n• couleur : RVB 253,191,111 (#fdbf6f)\n• largeur de trait : 1 pt\n• style de trait : ligne continue;P;PSC-P_41-00_001;Symbole Police\n• couleur de remplissage : RVB 253,191,111(#FDBF6F)\n• Police : Wingdings 3\n• Unicolde : 112\n• taille : 12 pt\nSymbole Police\n• couleur de remplissage : RVB 253,191,111(#FDBF6F)\n• Police : Webdings\n• Unicolde : 124\n• angle : 90°\n• taille : 24pt;41-00 à 98_001;symbole
41;01;001;Aspect extérieur façades;S;PSC-S_41-01_001;;L;PSC-L_41-01_001;;P;PSC-P_41-01_001;;41-01_001;sous-code
41;02;001;Aspect extérieur toitures;S;PSC-S_41-02_001;;L;PSC-L_41-02_001;;P;PSC-P_41-02_001;;41-02_001;sous-code
41;03;001;Aspect extérieur clôtures;S;PSC-S_41-03_001;;L;PSC-L_41-03_001;;P;PSC-P_41-03_001;;41-03_001;sous-code
41;98;001;Aspect extérieur règles alternatives;S;PSC-S_41-98_001;;L;PSC-L_41-98_001;;P;PSC-P_41-98_001;;41-98_001;sous-code
42;00;001;Coefficient de biotope par surface;S;PSC-S_42-00_001;Motif de points\n• distance horizontale : 17 pt\n• distance verticale : 17 pt\n\n    Symbole de police\n    • caractère(s) : unicode 225\n    • couleur de remplissage : RVB 86,170,2 (#56aa02)\n    • famille de police : Wingdings 2\n    • taille : 16 pt\n\nLigne simple\n• couleur : RVB 86,170,2 (#56aa02)\n• largeur de trait : 0.8 pt\n• style de trait : ligne continue;;;;;;;42-00_001;symbole
43;00;001;Réalisation d’espaces libres, plantations, aires de jeux et de loisir;S;PSC-S_43-00_001;Motif de lignes\n• espacement : 11 pt\n• rotation : 135°\n\n    Ligne simple\n    • couleur : RVB 255,127,0 (#ff7f00)\n    • largeur de trait : 0.8 pt\n    • style de trait : ligne continue\n\nMotif de lignes\n• espacement : 11 pt\n• rotation : 45°\n\n    Ligne simple\n    • couleur : RVB 255,127,0 (#ff7f00)\n    • largeur de trait : 0.8 pt\n    • style de trait : ligne continue\n\nCONTOUR\nLigne simple\n• couleur : RVB 0,168,132(#00A884)\n• largeur de trait : 1,6 pt\n• style de trait : ligne continue;L;PSC-L_43-00_001;Ligne de symboles\n• intervalle : 7 pt\n\nSymbole Police\n• couleur de remplissage : RVB 0,168,132(#00A884)\n• Police : Wingdings\n• Unicolde : 162\n• taille : 8 pt\n\nSymbole \n• couleur de remplissage : RVB 255,127,0(#FF7F00)\n• nom de symbole : cross\n• épaisseur de trait : 1 pt\n• angle : 45°\n• taille : 4 pt;P;PSC-P_43-00_001;Symbole Police\n• couleur de remplissage : RVB 56,168,0(#38A800)\n• Police : Wingdings\n• Unicolde : 162\n• taille : 14 pt\nSymbole \n• couleur de remplissage : RVB 255,127,0(#FF7F00)\n• nom de symbole : cross\n• epaisseur de trait : 1 pt\n• angle : 45°\n• taille : 6 pt;43-00 à 03_001;symbole
43;01;001;Réalisation d’espaces libres,;S;PSC-S_43-01_001;;L;PSC-L_43-01_001;;P;PSC-P_43-01_001;;43-01_001;sous-code
43;02;001;Réalisation d’aires de jeux et de loisirs;S;PSC-S_43-02_001;;L;PSC-L_43-02_001;;P;PSC-P_43-02_001;;43-02_001;sous-code
43;03;001;Réglementation des plantations;S;PSC-S_43-03_001;;L;PSC-L_43-03_001;;P;PSC-P_43-03_001;;43-03_001;sous-code
44;00;001;Stationnement;S;PSC-S_44-00_001;Motif de points\n• distance horizontale : 18 pt\n• distance verticale : 18 pt\n\n      Symbole Police\n      • couleur de remplissage : RVB 143,143,143(#8F8F8F)\n      • Police : Wingdings\n      • Unicolde : 249\n      • angle : 90°\n      • taille : 18 pt\n\nLigne simple\n• couleur : RVB 128,128,128 (#808080)\n• largeur de trait : 0.8 pt\n• style de trait : ligne continue;L;PSC-L_44-00_001;Ligne de symboles\n• intervalle : 9 pt\n\nSymbole Police\n• couleur de remplissage : RVB 143,143,143(#8F8F8F)\n• Police : Wingdings\n• Unicolde : 249\n• angle : 90°\n• taille : 18 pt;;;;44-00 à 98_001;symbole
44;01;001;Stationnement minimal;S;PSC-S_44-01_001;;L;PSC-L_44-01_001;;;;;44-01_001;sous-code
44;02;001;Stationnement maximal;S;PSC-S_44-02_001;;L;PSC-L_44-02_001;;;;;44-02_001;sous-code
44;03;001;Caractéristiques et type de stationnement;S;PSC-S_44-03_001;;L;PSC-L_44-03_001;;;;;44-03_001;sous-code
44;04;001;Minoration des règles de stationnement;S;PSC-S_44-04_001;;L;PSC-L_44-04_001;;;;;44-04_001;sous-code
44;05;001;Réalisation d’aires de livraisons imposée;S;PSC-S_44-05_001;;L;PSC-L_44-05_001;;;;;44-05_001;sous-code
44;98;001;Stationnement règles alternatives;S;PSC-S_44-98_001;;L;PSC-L_44-98_001;;;;;44-98_001;sous-code
45;00;001;Secteur de ZAC avec surfaces de plancher déterminées;S;PSC-S_45-00_001;Remplissage simple\n• couleur de remplissage : RVB 255,127,127 (#ff7f7f), transparence 40%\n• couleur de trait : RVB 255,0,0 (#ff0000)\n• largeur de trait : 1 pt\n• style de trait : ligne continue;;;;;;;45-00_001;symbole
46;00;001;Constructibilité espace boisé antérieur au 20ème siècle;S;PSC-S_46-00_001;Motif de points\n• distance horizontale : 8.45 pt\n• distance verticale : 8.45 pt\n\n    Symbole simple\n    • couleur de remplissage : RVB 204,204,204 (#cccccc)\n    • couleur de trait : RVB 86,170,2 (#56aa02)\n    • largeur de trait : 0.9 pt\n    • nom du symbole : circle\n    • style de trait : ligne continue\n    • taille : 8 pt\n\nLigne simple\n• couleur : RVB 86,170,2 (#56aa02)\n• largeur de trait : 0.8 pt\n• style de trait : ligne continue;;;;;;;46-00_001;symbole
47;00;001;Desserte par les réseaux;S;PSC-S_47-00_001;Motif de points\n• distance horizontale : 25 pt\n• distance verticale : 25 pt\n\n    Symbole de police\n    • caractère(s) : ~ (unicode 126)\n    • couleur de remplissage : RVB 115,38,0 (#732600)\n    • famille de police : Webdings\n    • taille : 12 pt\n\nLigne simple\n• couleur : RVB 115,38,0 (#732600)\n• largeur de trait : 0.8 pt\n• style de trait : ligne continue;L;PSC-L_47-00_001;Ligne de symboles\n• décalage de la ligne : -2 pt\n• décalage le long de la ligne : 16.5 pt\n• intervalle : 22 pt\n\n    Symbole de police\n    • caractère(s) : ~ (unicode 126)\n    • couleur de remplissage : RVB 115,38,0 (#732600)\n    • famille de police : Webdings\n    • taille : 12 pt\n\nLigne simple\n• couleur : RVB 115,38,0 (#732600)\n• largeur de trait : 1 pt\n• modèle de tiret personnalisé (tiret | espace) : 11|11 pt;P;PSC-P_47-00_001;Symbole de police\n• caractère(s) : unicode 126\n• couleur de remplissage : RVB 115,38,0 (#732600)\n• famille de police : Webdings\n• taille : 14 pt;47-00 à 05_001;symbole
47;01;001;Réseaux publics d'eau;S;PSC-S_47-01_001;;L;PSC-L_47-01_001;;P;PSC-P_47-01_001;;47-01_001;sous-code
47;02;001;Réseaux publics d'électricité;S;PSC-S_47-02_001;;L;PSC-L_47-02_001;;P;PSC-P_47-02_001;;47-02_001;sous-code
47;03;001;Réseaux publics d'assainissement;S;PSC-S_47-03_001;;L;PSC-L_47-03_001;;P;PSC-P_47-03_001;;47-03_001;sous-code
47;04;001;Conditions de réalisation d'un assainissement non collectif;S;PSC-S_47-04_001;;L;PSC-L_47-04_001;;P;PSC-P_47-04_001;;47-04_001;sous-code
47;05;001;Infrastructures et réseaux de communications électroniques;S;PSC-S_47-05_001;;L;PSC-L_47-05_001;;P;PSC-P_47-05_001;;47-05_001;sous-code
48;00;001;Mesures pour limiter l'imperméabilisation des sols;S;PSC-S_48-00_001;Motif de points\n• distance horizontale : 22 pt\n• distance verticale : 22 pt\n\n    Symbole de police\n    • caractère(s) : S (unicode 83)\n    • couleur de remplissage : RVB 0,76,115 (#004c73)\n    • famille de police : Wingdings\n    • taille : 12 pt\n\nLigne simple\n• couleur : RVB 0,76,115 (#004c73)\n• largeur de trait : 0.8 pt\n• style de trait : ligne continue;L;PSC-L_48-00_001;Ligne de symboles\n• décalage de la ligne : -2 pt\n• décalage le long de la ligne : 16.5 pt\n• intervalle : 22 pt\n\n    Symbole de police\n    • caractère(s) : S (unicode 83)\n    • couleur de remplissage : RVB 0,76,115 (#004c73)\n    • famille de police : Wingdings\n    • taille : 14 pt\n\nLigne simple\n• couleur : RVB 0,76,115 (#004c73)\n• largeur de trait : 1 pt\n• modèle de tiret personnalisé (tiret | espace) : 11|11 pt;P;PSC-P_48-00_001;Symbole de police\n• caractère(s) : S (unicode 83)\n• couleur de remplissage : RVB 0,76,115 (#004c73)\n• famille de police : Wingdings\n• taille : 14 pt;48-00 à 01_001;symbole
48;01;001;Installations nécessaires à la gestion des eaux pluviales et du ruissellement;S;PSC-S_48-01_001;;L;PSC-L_48-01_001;;P;PSC-P_48-01_001;;48-01_001;sous-code
49;00;001;Opération d'ensemble imposée en zone AU;S;PSC-S_49-00_001;Motif de points\n• distance horizontale : 26 pt\n• distance verticale : 26 pt\n\n    Symbole de police\n    • caractère(s) : unicode 249\n    • couleur de remplissage : RVB 255,101,100 (#ff6564)\n    • famille de police : Wingdings 2\n    • taille : 16 pt\n\nLigne simple\n• couleur : RVB 255,101,100 (#ff6564)\n• largeur de trait : 0.8 pt\n• style de trait : ligne continue;;;;;;;49-00 à 02_001;symbole
49;01;001;Urbanisation par opération d'ensemble;S;PSC-S_49-01_001;;;;;;;;49-01_001;sous-code
49;02;001;Urbanisation conditionnée à la réalisation des équipements internes à la zone;S;PSC-S_49-02_001;;;;;;;;49-02_001;sous-code
50;00;001;Interdiction types d’activités, destinations, sous-destinations;S;PSC-S_50-00_001;Motif de points\n• distance horizontale : 20 pt\n• distance verticale : 20 pt\n\n    Symbole de police\n    • caractère(s) : X (unicode 88)\n    • couleur de remplissage : RVB 148,10,189 (#940abd)\n    • famille de police : Wingdings 2\n    • taille : 9 pt\n\nLigne simple\n• couleur : RVB 148,10,189 (#940abd)\n• largeur de trait : 0.8 pt\n• style de trait : ligne continue;L;PSC-L_50-00_001;Ligne de symboles\n• décalage le long de la ligne : 9 pt\n• intervalle : 12 pt\n\n    Symbole de police\n    • caractère(s) : X (unicode 88)\n    • couleur de remplissage : RVB 148,10,189 (#940abd)\n    • famille de police : Wingdings 2\n    • taille : 9 pt\n\nLigne simple\n• couleur : RVB 148,10,189 (#940abd)\n• largeur de trait : 1 pt\n• modèle de tiret personnalisé (tiret | espace) : 6|6 pt;P;PSC-P_50-00_001;Symbole de police\n• caractère(s) : unicode 88\n• couleur de remplissage : RVB 148,10,189 (#940abd)\n• famille de police : Wingdings 2\n• taille : 14 pt;50-00_001;symbole
51;00;001;Autorisation sous conditions types d’activités, destinations, sous-destinations;S;PSC-S_51-00_001;Motif de points\n• distance horizontale : 20 pt\n• distance verticale : 20 pt\n\n    Symbole de police\n    • caractère(s) : R (unicode 82)\n    • couleur de remplissage : RVB 148,10,189 (#940abd)\n    • famille de police : Wingdings 2\n    • taille : 9 pt\n\nLigne simple\n• couleur : RVB 148,10,189 (#940abd)\n• largeur de trait : 0.8 pt\n• style de trait : ligne continue;L;PSC-L_51-00_001;Ligne de symboles\n• décalage le long de la ligne : 9 pt\n• intervalle : 12 pt\n\n    Symbole de police\n    • caractère(s) : R (unicode 82)\n    • couleur de remplissage : RVB 148,10,189 (#940abd)\n    • famille de police : Wingdings 2\n    • taille : 9 pt\n\nLigne simple\n• couleur : RVB 148,10,189 (#940abd)\n• largeur de trait : 1 pt\n• modèle de tiret personnalisé (tiret | espace) : 6|6 pt;P;PSC-P_51-00_001;Symbole de police\n• caractère(s) : R (unicode 82)\n• couleur de remplissage : RVB 148,10,189 (#940abd)\n• famille de police : Wingdings 2\n• taille : 14 pt;51-00_001;symbole
52;00;001;Infrastructures et équipements logistiques à préserver ou à développer en zones U et AU;S;PSC-S_52-00_001;Motif de points\n• distance horizontale : 25 pt\n• distance verticale : 25 pt\n\n    Symbole de police\n    • caractère(s) : q (unicode 113)\n    • couleur de remplissage : RVB 172,87,13 (#ac570d)\n    • famille de police : Webdings\n    • taille : 11 pt\n\nLigne simple\n• couleur : RVB 172,87,13 (#ac570d)\n• largeur de trait : 0.8 pt\n• style de trait : ligne continue;L;PSC-L_52-00_001;Ligne de symboles\n• intervalle : 11 pt\n\nSymbole Police\n• couleur de remplissage : RVB 172,87,13(#AC570D)\n• Police : Webdings\n• Unicolde : 113\n• taille : 11 pt;P;PSC-P_52-00_001;Symbole Police\n• couleur de remplissage : RVB 172,87,13(#AC570D)\n• Police : Webdings\n• Unicolde : 113\n• taille : 18pt;52-00_001;symbole
53;00;001;dérogation à l’article L.111-6 pour l’implantation des constructions le long des grands axes routiers;S;PSC-S_53-00_001;**Contour**\nLigne simple\n• couleur : RVB 225,0,0(#FF0000)\n• largeur de trait : 0,8 pt\n• style de jointure : rond\n• style de trait : ligne continue\n\n**Remplissage**\n\nMotif de lignes\n• décalage : 0 pt\n• espacement : 10 pt\n• rotation : -45°\n\n    Ligne simple\n    • couleur : RVB 225,0,0(#FF0000)\n    • largeur de trait : 0,8 pt\n\nMotif de lignes\n• décalage : 4 pt\n• espacement : 10 pt\n• rotation : -45°\n\n    Ligne simple\n    • couleur : RVB 225,0,0(#FF0000)\n    • largeur de trait : 1,6 pt;L;PSC-L_53-00_001;Ligne simple\n• couleur : RVB 225,0,0(#FF0000)\n• largeur de trait : 0,8 pt\n\nLigne simple\n• couleur : RVB 225,0,0(#FF0000)\n• largeur de trait : 1,6 pt\n• décalage : 4 pt;;;;53-00_001;symbole
54;01;001;Zone exposée au recul du trait de côte à l'horizon de trente ans;S;PSC-S_54-01_001;**Contour**\nLigne simple\n• couleur : RVB 168,56,0 (#A83800)\n• largeur de trait : 0.8 pt\n• style de trait : ligne continue\n\nLigne simple\n• couleur : RVB 0,92,230(#005CE6)\n• décalage : -0.8 pt\n• largeur de trait : 1.6 pt\n• style de trait : ligne continue\n\n**Remplissage**\nRemplissage symbole\n        Symbole caractère \n        • couleur  : RVB 0,92,230(#005CE6)\n        • nom du symbole : (Mostly 98)\n        • taille : 10 pt\n        • intervalle X : 10 pt\n        • intervalle Y : 10 pt;;;;;;;54-01_001;symbole
54;02;001;Zone exposée au recul du trait de côte à un horizon compris entre trente et cent ans;S;PSC-S_54-02_001;**Contour**\nLigne simple\n• couleur : RVB 168,56,0 (#A83800)\n• largeur de trait : 0.8 pt\n• style de trait : ligne continue\n\nLigne simple\n• couleur : RVB 115,178,255(#73B2FF)\n• décalage : -0.8 pt\n• largeur de trait : 1.6 pt\n• style de trait : ligne continue\n\n**Remplissage**\nRemplissage symbole\n        Symbole caractère \n        • couleur  : RVB 115,178,255(#73B2FF)\n        • nom du symbole : (Mostly 98)\n        • taille : 10 pt\n        • intervalle X : 15 pt\n        • intervalle Y : 15 pt;;;;;;;54-02_001;symbole
55;01;001;Secteur d’implantation d’installations de production d'énergies renouvelables, et leurs ouvrages de raccordement, soumises à conditions;S;PSC-S_55-01_001;**Contour**\nLigne simple\n• couleur : RVB 85,255,0 (#55FF00)\n• largeur de trait : 1.5 pt\n• style de trait : ligne continue\n\nLigne simple\n• couleur : RVB 255,255,0(#FFFF00)\n• largeur de trait : 3 pt\n• style de trait : ligne continue\n\n**Remplissage**\nRemplissage symbole caractère\n• couleur de symbole : RVB 85,255,0 (#55FF00)\n• nom du symbole : Wingdings (178)\n• taille: 10 pt\n• taille contour : 0.5 pt\n• couleur contour : RVB 85,255,0 (#55FF00)\n• intervalle X : 16 pt\n• intervalle Y : 16 pt\n\n**Remplissage**\nRemplissage symbole caractère\n• couleur de symbole : RVB 255,255,0(#FFFF00)\n• nom du symbole : Wingdings (178)\n• taille: 10 pt\n• taille contour : 1 pt\n• couleur contour : RVB 255,255,0(#FFFF00)\n• intervalle X : 16 pt\n• intervalle Y : 16 pt;;;;;;;55-01_001;symbole
55;02;001;Secteur d'exclusion d'installations de prod. d'énergies renouvelables;S;PSC-S_55-02_001;**Contour**\nLigne simple\n• couleur : RVB 255,190,190 (#FFBEBE)\n• largeur de trait : 1.5 pt\n• style de trait : ligne continue\n\nLigne simple\n• couleur : RVB 255,255,0(#FFFF00)\n• largeur de trait : 3 pt\n• style de trait : ligne continue\n\n**Remplissage**\nRemplissage symbole caractère\n• couleur de symbole : RVB 255,190,190 (#FFBEBE)\n• nom du symbole : Wingdings (178)\n• taille: 10 pt\n• taille contour : 0.5 pt\n• couleur contour : RVB 255,190,190 (#FFBEBE)\n• intervalle X : 16 pt\n• intervalle Y : 16 pt\n\n**Remplissage**\nRemplissage symbole caractère\n• couleur de symbole : RVB 255,255,0(#FFFF00)\n• nom du symbole : Wingdings (178)\n• taille: 10 pt\n• taille contour : 1 pt\n• couleur contour : RVB 255,255,0(#FFFF00)\n• intervalle X : 16 pt\n• intervalle Y : 16 pt;;;;;;;55-02_001;symbole
56;00;001;Secteur dans lequel toutes les constructions nouvelles de logements sont à usage exclusif de résidence principale;S;PSC-S_56-00_001;**Contour**\nLigne simple\n• couleur : RVB 115,0,76 (#73004C)\n• largeur de trait : 0.8 pt\n• style de trait : ligne continue\n\n**Remplissage**\nRemplissage symbole caractère\n• couleur de symbole : RVB 115,0,76 (#73004C)\n• nom du symbole : Arial (82)\n• taille: 7pt\n• décalage X : -2.5 pt\n• décalage Y : 0 pt\n• intervalle X : 32 pt\n• intervalle Y : 32 pt\n\nRemplissage symbole caractère\n• couleur de symbole : RVB 115,0,76 (#73004C)\n• nom du symbole : Arial (80)\n• taille: 7pt\n• décalage X : 2.5 pt\n• décalage Y : 0 pt\n• intervalle X : 32 pt\n• intervalle Y : 32 pt\n\nRemplissage symbole caractère\n• couleur de symbole : RVB 255,255,255 (#FFFFFF)\n• nom du symbole : Webdings (53)\n• taille: 8 pt\n• décalage X : 0 pt\n• décalage Y : 4 pt\n• intervalle X : 32 pt\n• intervalle Y : 32 pt\n\nRemplissage symbole caractère\n• couleur de symbole : RVB 115,0,76 (#73004C)\n• nom du symbole : Webdings (53)\n• taille: 12 pt\n• décalage X : 0 pt\n• décalage Y : 5 pt\n• intervalle X : 32 pt\n• intervalle Y : 32 pt;;;;;;;56-00_001;symbole
97;00;001;Périmètre d’application d’une pièce écrite territorialisée (rapport de présentation, PADD, règlement, règlement graphique, POA);S;PSC-S_97-00_001;Remplissage simple\n• couleur de trait : transparent\n• largeur de trait : 2 pt\n• style de remplissage : pas de remplissage\n• style de trait : ligne continue;;;;;;;97-00_001;symbole
97;01;001;Périmètre couvert par un Plan de secteurs;S;PSC-S_97-01_001;Ligne simple\n• couleur : RVB 0,0,0 (#000000)\n• largeur de trait : 2 pt\n• style de trait : ligne tiret-point-point;;;;;;;97-01_001;symbole
99;00;001;Autre;S;PSC-S_99-00_001;Remplissage simple\n• couleur de trait : RVB 0,0,0 (#000000)\n• largeur de trait : 2 pt\n• style de remplissage : pas de remplissage\n• style de trait : ligne continue;L;PSC-L_99-00_001;Ligne simple\n• couleur : RVB 0,0,0 (#000000)\n• largeur de trait : 2 pt\n• style de trait : ligne continue;P;PSC-P_99-00_001;Symbole simple\n• couleur de remplissage : RVB 0,0,0 (#000000)\n• nom du symbole : circle\n• taille : 6 pt;99-00 à 10_001;symbole
99;01;001;Autre : affectation des sols et destination des constructions;S;PSC-S_99-01_001;;L;PSC-L_99-01_001;;P;PSC-P_99-01_001;;99-01_001;sous-code
99;02;001;Autre : zones naturelles, agricoles ou forestières;S;PSC-S_99-02_001;;L;PSC-L_99-02_001;;P;PSC-P_99-02_001;;99-02_001;sous-code
99;03;001;Autre : mixité sociale et fonctionnelle en zones urbaines ou à urbaniser;S;PSC-S_99-03_001;;L;PSC-L_99-03_001;;P;PSC-P_99-03_001;;99-03_001;sous-code
99;04;001;Autre : qualité du cadre de vie;S;PSC-S_99-04_001;;L;PSC-L_99-04_001;;P;PSC-P_99-04_001;;99-04_001;sous-code
99;05;001;Autre : Qualité urbaine, architecturale, environnementale et paysagère;S;PSC-S_99-05_001;;L;PSC-L_99-05_001;;P;PSC-P_99-05_001;;99-05_001;sous-code
99;06;001;Autre : Traitement environnemental et paysager des espaces non bâtis et abords des constructions;S;PSC-S_99-06_001;;L;PSC-L_99-06_001;;P;PSC-P_99-06_001;;99-06_001;sous-code
99;07;001;Autre : densité;S;PSC-S_99-07_001;;L;PSC-L_99-07_001;;P;PSC-P_99-07_001;;99-07_001;sous-code
99;08;001;Autre : équipements, réseaux et emplacements réservés;S;PSC-S_99-08_001;;L;PSC-L_99-08_001;;P;PSC-P_99-08_001;;99-08_001;sous-code
99;09;001;Autre : plan local d’urbanisme tenant lieu de programme local de l’habitat et de plan de déplacements urbains;S;PSC-S_99-09_001;;L;PSC-L_99-09_001;;P;PSC-P_99-09_001;;99-09_001;sous-code
99;10;001;Autre : plan local d’urbanisme tenant lieu de plan de déplacements urbains;S;PSC-S_99-10_001;;L;PSC-L_99-10_001;;P;PSC-P_99-10_001;;99-10_001;sous-code
